"iditem";"nombre";"saldo";"compromiso";"costo";"precio";"impuesto";"activo";"categoria";"estado";"idempresa";"casa"
"2";"ACETAMINOFEN MEMPHIS *100";"9701";"-11";"6000";"9180";"0";"1";"4";;"2";"18"
"3";"CINTA ANCHA *50 MT*6 UND";"9662";"-7";"12600";"16524";"0";"1";"11";;"2";"11"
"4";"ADVIL GRIPA *20 UND";"9520";"-13";"38000";"46360";"0";"1";"4";;"2";"9"
"5";"ADVIL MAX *20 UND";"9601";"-8";"36000";"43920";"0";"1";"4";;"2";"9"
"6";"CAJA VASO 5.5 ONZ BLAN VBC*40 PQT";"9898";"-3";"82000";"98400";"0";"0";"5";;"2";"2"
"7";"ADVIL ULTRA *20 UND";"710";"-9";"35000";"43920";"0";"1";"4";;"2";"9"
"8";"AGUILA ROJA * 50 GR *10*10";"485";"-496";"21500";"25500";"0";"1";"6";;"2";"1"
"9";"AGUILA ROJA *125 GR*40und";"5270";"-846";"6000";"7100";"0";"1";"6";;"2";"1"
"10";"AGUILA ROJA *250 GR*20und";"6991";"-99";"12000";"14200";"0";"1";"6";;"2";"1"
"11";"AGUILA ROJA *2500 GR";"9642";"-16";"98000";"116000";"0";"1";"6";;"2";"1"
"12";"AGUILA ROJA *500 GR*10und";"7440";"-58";"21500";"25500";"0";"1";"6";"Escaso";"2";"1"
"13";"ALCOHOL*120 ML*48UND";"6482";"-112";"1801";"2193";"0";"1";"4";;"2";"18"
"14";"CAJA VASO 5 ONZ COLOR*60 PQT";"9729";"-11";"90000";"110160";"0";"1";"5";;"2";"2"
"15";"CAJA VASO 7 BLANCO VBC *40PQT";"9886";"-4";"71000";"85200";"0";"0";"5";;"2";"22"
"16";"ALKA-SELTZER * 60 UND";"9297";"-7";"40000";"48960";"0";"1";"4";;"2";"9"
"17";"ALUMINIO 16 METROS";"9103";"-6";"3967";"5610";"0";"1";"5";;"2";"22"
"18";"ALUMINIO 40 METROS";"9668";"-10";"8100";"11220";"0";"1";"5";;"2";"22"
"19";"ALUMINIO 7 MTS";"2495";"-138";"2000";"2856";"0";"1";"5";;"2";"23"
"20";"VASO 14 ONZ TRANSP*50UND";"9964";"0";"4600";"5612";"0";"1";"5";;"2";"22"
"21";"DESENGRASANTE SPRAY*500 ML*24UND";"8733";"-32";"2600";"3264";"0";"1";"1";;"2";"18"
"22";"ASPIRINA EFERVESCENTE *50 UND";"9766";"-2";"40000";"48960";"0";"1";"4";;"2";"9"
"23";"AZUCAR SOBRE *BOLSA";"8760";"-10";"4000";"5100";"0";"1";"5";;"2";"23"
"24";"OFERT LAPIZ OFIES ROJO*12 PG6LLV7";"9947";"-1";"27000";"40596";"0";"0";"11";;"2";"11"
"25";"NUTRIBELA SHAMPOO PROHIAL*12";"9411";"-10";"9800";"12036";"0";"1";"2";;"2";"9"
"26";"AROMATEL COCO BAMBU*180 ML*36und";"7373";"-39";"1200";"1479";"0";"1";"1";;"2";"26"
"27";"OFERTA AROMATEL*400ML*12 SURT";"9822";"-4";"22332";"27540";"0";"0";"1";;"2";"26"
"28";"AJO REY CHAPETA*55G*12";"9931";"0";"11600";"14178";"0";"1";"7";;"2";"100"
"29";"DULCE HALLOWEEN*500UND";"9928";"-1";"21266";"26112";"0";"1";"3";;"2";"7"
"30";"H&amp;S ANTI-RESEQUEDAD*12";"9997";"0";"9500";"12000";"0";"1";"2";;"2";"20"
"31";"TAPABOCAS NIÑOS SURT*50";"9997";"0";"8000";"12240";"0";"1";"2";;"2";"9"
"32";"BOLSA MANIJA *3 KL";"8546";"-11";"3025";"3932";"0";"1";"5";;"2";"23"
"33";"DULCE HALLOWEEN*100";"9969";"0";"5091";"6222";"0";"1";"3";;"2";"7"
"34";"CAJA DE MEZCLA REDON *500*30PQT";"9999";"0";"105000";"130560";"0";"1";"5";;"2";"2"
"35";"AROMATEL  FLORAL*180ML*36und";"698";"-268";"1200";"1479";"0";"1";"1";"Escaso";"2";"26"
"36";"MILLAR BOLSA MANIJA* 15 KL";"9986";"-1";"64600";"78812";"0";"1";"5";;"2";"23"
"37";"NUTRIBELA SHAMPOO REPARACION*12";"9551";"-6";"9800";"12036";"0";"1";"2";;"2";"9"
"38";"PIMIENTA REY 20*25";"9800";"-1";"6200";"7446";"0";"1";"7";;"2";"100"
"39";"TRATAMIENTO PANTENE MOLECU*8 UND";"9997";"0";"8670";"10577";"0";"1";"2";;"2";"20"
"40";"PIN PON ENCHILADO*24";"9933";"-1";"6500";"8058";"0";"1";"3";;"2";"3"
"41";"DULCE HALLOWEEN*300 UND";"9890";"-2";"12740";"15606";"0";"1";"3";;"2";"7"
"42";"AJO REY 20*25";"9575";"-2";"6200";"7446";"0";"1";"7";;"2";"100"
"43";"BALANCE DUO *16";"9378";"-11";"16000";"19520";"0";"1";"2";;"2";"9"
"44";"SAVITAL SHAMPOO ANTICASPA*20 UND";"9748";"-6";"14000";"17080";"0";"1";"2";;"2";"26"
"45";"BALANCE MEN CLINICAL CREM *18";"9439";"-13";"17000";"20740";"0";"1";"2";;"2";"18"
"46";"REVOLCON GEL HIPER ACIDO*12UND";"9963";"0";"17088";"21114";"0";"1";"3";;"2";"24"
"47";"BALANCE WOMEN CLINICAL CREM *18";"9289";"-13";"17000";"20740";"0";"1";"2";;"2";"18"
"48";"AROMATEL FRAMBUESA*180ML*36und";"9198";"-7";"1200";"1479";"0";"0";"1";;"2";"18"
"49";"BANDEJA C1 *200 UND";"9884";"-1";"45400";"55388";"0";"1";"5";"Escaso";"2";"2"
"50";"BANDEJA J1 *20";"7088";"-58";"7430";"9300";"0";"1";"5";;"2";"2"
"51";"BANDEJA J2 *200";"9954";"-1";"68000";"83232";"0";"1";"5";;"2";"2"
"52";"BETUN BONNY*12";"9823";"-5";"13500";"17136";"0";"1";"2";;"2";"18"
"53";"JABON PALMOLIVE *6 SURT";"9689";"-3";"16000";"20196";"0";"1";"2";;"2";"6"
"54";"BLANCOX ORIGINAL *500 *12";"8298";"-33";"16000";"19520";"0";"1";"1";;"2";"4"
"55";"NUTRIBELA SHAMPOO ENZIMOT*12";"9884";"-9";"9800";"12036";"0";"0";"2";;"2";"9"
"56";"AROMATEL MANDARINA FLORAL*180 ML*36und";"7553";"-46";"1200";"1479";"0";"0";"1";"Escaso";"2";"26"
"57";"SAVITAL  SHAMPOO MULTIO *20 UND";"9636";"-15";"13500";"16524";"0";"0";"2";;"2";"26"
"58";"BLANQUEADOR YES *24 450ml";"9893";"-1";"29100";"35502";"0";"1";"1";;"2";"18"
"59";"BLOQUEADOR SUNDARK *12UND";"9144";"-22";"20000";"25500";"0";"1";"2";;"2";"18"
"60";"BLOQUEADOR SUNDARK KIDS *12";"9932";"-2";"20000";"24480";"0";"1";"2";;"2";"18"
"61";"BOLSA ALUMINIO #L25 *100UND";"9970";"0";"4400";"6120";"0";"1";"5";"Escaso";"2";"23"
"62";"MILLAR BOLSA ALUMINIO #L17";"9981";"-1";"14000";"18156";"0";"1";"5";;"2";"23"
"63";"MILLAR BOLSA ALUMINIO #19";"9990";"0";"26000";"32640";"0";"1";"5";;"2";"23"
"64";"MILLAR BOLSA ALUMINIO #L23";"9995";"0";"28000";"36720";"0";"1";"5";;"2";"23"
"65";"BOMBILLO ECONOMICO X 10";"9561";"-10";"14000";"17136";"0";"1";"7";;"2";"14"
"66";"BOMBILLO LED 12 WTS";"9739";"0";"2700";"3468";"0";"1";"7";;"2";"14"
"67";"BOMBILLO LED 20W";"9979";"-3";"10000";"13260";"0";"0";"7";;"2";"14"
"68";"BOMBILLO LED 30 WTS";"9926";"-5";"14000";"19380";"0";"1";"7";;"2";"14"
"69";"CEPILLO ADULTO CORONA * 12 UND";"9182";"-13";"12000";"14688";"0";"1";"2";;"2";"14"
"70";"BOMBILLO LED 7 WTS";"9517";"-28";"2000";"2450";"0";"1";"7";;"2";"14"
"71";"BOMBILLO LED 9 WTS*10 UND";"8886";"-27";"21000";"26520";"0";"1";"7";;"2";"14"
"72";"BOMBILLO  HALOGENO *10 UND";"9988";"0";"21000";"25704";"0";"1";"7";;"2";"14"
"73";"CHICLE BOLA AGOGO*100";"5831";"-105";"6225";"7956";"0";"1";"3";;"2";"8"
"74";"ALCOHOL JGB *350ML";"9908";"-4";"4000";"4896";"0";"0";"4";;"2";"15"
"75";"BONBONBUM CEREZ INTEN *24";"9932";"-1";"8428";"10302";"0";"1";"3";"Escaso";"2";"7"
"76";"SHARPIE *12 UND NEGRO";"9906";"0";"30000";"36924";"0";"1";"11";;"2";"11"
"77";"BONBONBUM ROJO *PG24LLV26 UND";"9217";"-8";"8428";"10302";"0";"1";"3";;"2";"7"
"78";"BONBONBUM SURTIDO*PG24LLV26 UND";"6348";"-57";"8428";"10302";"0";"1";"3";;"2";"7"
"79";"CHAO PEPA SANDIA *2UND*100";"10091";"0";"11481";"14076";"0";"0";"3";;"2";"24"
"80";"BUBALOO SURTIDO *47 UND";"8574";"-28";"9245";"11322";"0";"1";"3";;"2";"19"
"81";"BUSCAPINA COMPUESTA *30 UND";"9781";"-6";"45000";"54900";"0";"1";"4";;"2";"18"
"82";"BUSCAPINA FEM *24";"9469";"-10";"35000";"42700";"0";"1";"4";;"2";"18"
"83";"CEPILLO ADULTO COLGATE *12";"9623";"-11";"25000";"30600";"0";"1";"2";;"2";"9"
"84";"CEPILLO ADULTO ECONOMICO *12";"9863";"0";"8500";"10710";"0";"1";"2";;"2";"14"
"85";"CEPILLO ADULTO PROTECT ECONO *12";"9843";"-2";"8500";"10710";"0";"1";"2";;"2";"14"
"86";"CEPILLO NIÑO ECONOMICO *12";"9953";"-1";"8500";"10710";"0";"1";"2";;"2";"0"
"87";"CEPILLO NIÑO PROTECTOR *12";"9930";"-3";"8500";"10710";"0";"1";"2";;"2";"0"
"88";"CERA AMARILLA * 350 ml*48und";"9579";"-42";"1000";"1250";"0";"1";"1";;"2";"18"
"89";"CERA BLANCA * 350ml*48und";"8869";"-19";"1000";"1250";"0";"1";"1";;"2";"18"
"90";"CERA ROJA ESCARLATA  *350 ml*48und";"4930";"-181";"1000";"1250";"0";"1";"1";;"2";"18"
"91";"CHAO LINEA FRESA *24";"9253";"-18";"7921";"9894";"0";"1";"3";"Escaso";"2";"24"
"92";"CHAO LINEA SURT*24";"9414";"-19";"7921";"9894";"0";"1";"3";;"2";"24"
"93";"CHAO LINEA MENTA *24";"9649";"-14";"7921";"9894";"0";"1";"3";;"2";"24"
"94";"CAJA VASO 5 BLANCO VACAN*60 PQT";"9810";"-6";"102000";"124440";"0";"1";"5";;"2";"2"
"95";"VELA ESTRELLA BICOLOR*3 UND";"9961";"-2";"5100";"7038";"0";"1";"145";;"2";"2"
"96";"VASO BLANCO VACAN 5 ONZ*50";"19662";"-494";"1700";"2125";"0";"1";"5";;"2";"2"
"97";"CHICLETS SURTIDO *100";"9812";"-4";"16192";"19992";"0";"1";"3";;"2";"19"
"98";"CLUB SOCIAL INTEGRAL *9";"8084";"-32";"6118";"7548";"0";"1";"8";;"2";"19"
"99";"CLUB SOCIAL ORIGINAL *9";"3453";"-107";"6118";"7548";"0";"1";"8";;"2";"19"
"100";"COLGATE EXTRABLAN *60 ml *6 und";"9962";"-9";"19000";"22848";"0";"1";"2";;"2";"6"
"101";"TAJALAPIZ PLASTICO *24 UND";"9913";"-6";"2500";"3570";"0";"1";"11";;"2";"11"
"102";"COLGATE MENTA * 60 ml *6 und";"9880";"-6";"17000";"20808";"0";"1";"2";;"2";"6"
"103";"COLGATE PEQUEÑA *12";"9217";"-23";"21000";"25704";"0";"1";"2";;"2";"18"
"104";"COLGATE TRIPLEACCION * 75ml *6UND";"7733";"-48";"19000";"23256";"0";"1";"2";;"2";"6"
"105";"COLGATE TRIPLEACCION + CEPILLO";"9190";"-27";"3666";"4488";"0";"1";"2";;"2";"6"
"106";"CONTENEDOR 16 ONZAS*20UND*25PQT";"8590";"-42";"17300";"21100";"0";"1";"5";;"2";"2"
"107";"CONTENEDOR 24 ONZAS*20UND*25PQT";"7584";"-32";"20520";"24705";"0";"0";"5";;"2";"2"
"108";"COPA AGUARDIENTERA *50*60 PQT";"860";"-194";"1460";"1938";"0";"1";"5";;"2";"2"
"109";"COPA AGUARDIENTERA 1.5 Onz*50 UND";"9156";"-86";"1500";"2040";"0";"1";"5";;"2";"2"
"110";"CREMA ANTIEDAD ARAWAK *8";"9979";"0";"9000";"11016";"0";"1";"2";;"2";"18"
"111";"CREMA DE LIMON *12 UND";"9269";"-15";"2900";"3672";"0";"1";"2";;"2";"14"
"112";"CREMA PONDS ACLARADORA *10";"9276";"-13";"14500";"17748";"0";"1";"2";;"2";"26"
"113";"CREMA PONDS HUMECTANTE *10";"9577";"-16";"14500";"17748";"0";"1";"2";;"2";"26"
"114";"CREMA PONDS REJUVENESS *10";"9496";"-7";"14500";"17748";"0";"1";"2";;"2";"26"
"115";"CREMA PONDS VITAMINA C *10";"10000";"0";"10500";"13260";"0";"0";"2";;"2";"26"
"116";"CUCHARA GRANDE *100";"7291";"-109";"3700";"4692";"0";"1";"5";;"2";"2"
"117";"CUCHARA GRANDE *20";"3919";"-116";"1300";"1734";"0";"1";"5";;"2";"2"
"118";"CUCHARA PEQUEÑA *100";"8250";"-64";"2200";"2856";"0";"1";"5";;"2";"2"
"119";"CUCHARA PEQUEÑA *20";"5567";"-71";"1000";"1326";"0";"1";"5";;"2";"2"
"120";"ROLON MAX STEEL BARBIE *6UND";"9831";"-11";"12834";"16014";"0";"0";"3";;"2";"8"
"121";"CUCHILLO GRANDE *100";"9768";"-6";"3700";"4590";"0";"1";"5";;"2";"2"
"122";"CUCHILLO GRANDE *20";"9841";"0";"1200";"1734";"0";"1";"5";;"2";"2"
"123";"CURAS MEDICARE *100 UND";"9221";"-17";"5000";"6324";"0";"1";"4";;"2";"18"
"124";"DISPENSADOR TOALLAS FAMILIA";"10000";"0";"32000";"40800";"0";"0";"2";;"2";"12"
"125";"DRISTAN TRIPLE ACCION *48 UND";"10000";"0";"30000";"36720";"0";"0";"4";;"2";"0"
"126";"DOLEX FORTE TABLETA *50";"9990";"-1";"75000";"91800";"0";"1";"4";;"2";"9"
"127";"DOVE ACONDICIONADOR *12 UND";"9324";"-15";"9000";"11016";"0";"1";"2";;"2";"26"
"128";"TOALLA KOTEX NOCTURNA*24";"9561";"-14";"13000";"16116";"0";"1";"2";;"2";"13"
"129";"DOVE SHAMPOO ANTICASPA*12 UND";"9670";"-9";"8000";"10302";"0";"0";"2";;"2";"26"
"130";"DULCE ANISADO *100";"9183";"-14";"5684";"7038";"0";"1";"3";;"2";"7"
"131";"ENCENDEDOR CON LINTERNA";"9996";"-1";"13500";"18360";"0";"1";"7";;"2";"14"
"132";"ENCENDEDOR ECON ELECTR *25";"9243";"-22";"9500";"15300";"0";"1";"7";;"2";"14"
"133";"ENCENDEDOR ECON PIEDRA *25";"8777";"-25";"9500";"14280";"0";"1";"7";;"2";"14"
"134";"ENCENDEDOR TOKAI *25 UND";"7522";"-43";"24500";"30090";"0";"1";"7";;"2";"14"
"135";"ESPONJILLA ALAMBRE *36 UND";"9873";"-6";"7000";"8976";"0";"1";"1";;"2";"14"
"136";"PILA PANASONIC ALKALINA AAA PG 3LLEV 4";"9991";"-1";"13225";"16524";"0";"0";"7";;"2";"21"
"137";"ESPONJILLA COLOR *12";"9919";"-1";"8000";"9996";"0";"1";"1";;"2";"14"
"138";"MAGUI*36+RICOSTILLA*36DESM";"9277";"-14";"25250";"30430";"0";"1";"7";;"2";"9"
"139";"ESPONJILLA DOBLE USO *24";"9579";"-8";"7000";"8670";"0";"1";"1";;"2";"18"
"140";"ESPONJILLA MATRIX *12";"5570";"-86";"4500";"7038";"0";"1";"1";;"2";"18"
"141";"ESPONJILLA ORO PLATA *12";"8316";"-26";"6500";"8058";"0";"1";"1";;"2";"18"
"142";"ESPONJILLA SABRA *36";"9708";"-5";"7000";"8772";"0";"1";"1";;"2";"18"
"143";"FABULOSO BEBE X180ML*72und";"2608";"-169";"1500";"1836";"0";"1";"1";;"2";"6"
"144";"FABULOSO CLORO AZUL*180ML*72und";"7739";"-52";"1500";"1836";"0";"0";"1";;"2";"6"
"145";"FABULOSO FLORAL X 180ML*72und";"6004";"-97";"1500";"1836";"0";"1";"1";;"2";"6"
"146";"FABULOSO LAVANDA X 180ML*72und";"8700";"-249";"1500";"1836";"0";"1";"1";;"2";"6"
"147";"FABULOSO MANZANA *180ML*72und";"10000";"0";"1541";"1887";"0";"0";"1";;"2";"6"
"148";"FOSFORO REFUEGO *20";"1557";"-140";"3300";"4029";"0";"1";"7";;"2";"18"
"149";"ESFERO OFIESCO AZUL *12";"9870";"-6";"5400";"7242";"0";"1";"11";"Escaso";"2";"11"
"150";"GELLA JELLI DRINK *20 UND";"9809";"-4";"9604";"11716";"0";"1";"3";;"2";"7"
"151";"PRESERVATIVOS LATEX *3UND*20";"9971";"0";"16000";"19584";"0";"1";"2";;"2";"15"
"152";"CALDO MAGGI DESMENUZ * 36 UND";"7981";"-32";"12000";"14586";"0";"1";"7";"Escaso";"2";"25"
"153";"SANPIC FLORAL*200ML";"9395";"-8";"1300";"1632";"0";"0";"1";;"2";"18"
"154";"MICROPUNTA OFIES ROJO*10UND";"9978";"-1";"7200";"9588";"0";"1";"11";;"2";"11"
"155";"CAJA MATRIX*40UND";"9999";"-1";"200000";"265200";"0";"1";"1";;"2";"18"
"156";"CARTULINA NEGRA*50UND";"9935";"-2";"12000";"15504";"0";"1";"11";;"2";"11"
"157";"PINTUCARITAS *12 SURT";"9916";"-1";"4500";"6324";"0";"1";"11";;"2";"11"
"158";"RICOSTILLA DESMENUZADO *36 UND";"4862";"-99";"12850";"15600";"0";"1";"7";;"2";"25"
"159";"MILLAR BOLSA MANIJA* 2 KL";"9875";"-1";"25300";"30866";"0";"1";"5";;"2";"23"
"160";"BOLSA ALUMINIO # L35*100";"9997";"0";"7000";"8568";"0";"1";"5";;"2";"23"
"161";"CINTA AISLANTE *10";"9564";"-8";"6000";"8160";"0";"1";"11";;"2";"11"
"162";"DOVE SHAMPOO NORMAL*12 UND";"8716";"-29";"9000";"11016";"0";"1";"2";;"2";"26"
"163";"MEZCLADORES REDONDO *500UND*30PQT";"9006";"-8";"3500";"4590";"0";"1";"5";;"2";"22"
"164";"GUANTE NITRILO RINO AZUL L";"9987";"0";"20500";"28050";"0";"1";"5";;"2";"14"
"165";"GUANTE NITRILO RINO AZUL M";"9971";"0";"20000";"28050";"0";"1";"5";;"2";"14"
"166";"GUANTE NITRILO RINO AZUL S";"9999";"0";"20500";"28050";"0";"1";"5";;"2";"14"
"167";"MORIT*100+DULC ANI*100+MENTA HEL*100";"9638";"-5";"16300";"19788";"0";"1";"3";;"2";"24"
"168";"GUANTE LATEX L";"9984";"0";"16000";"21420";"0";"1";"2";;"2";"14"
"169";"GUANTE LATEX M";"9910";"-3";"16000";"21420";"0";"1";"2";;"2";"14"
"170";"GUANTE LATEX S";"9997";"-1";"16000";"21420";"0";"1";"2";;"2";"14"
"171";"GUANTE MANIPULACION *100";"8815";"-11";"1900";"2550";"0";"1";"5";;"2";"2"
"172";"GUANTE NITRILO AZUL L";"9960";"-4";"20000";"25500";"0";"1";"2";;"2";"9"
"173";"GUANTE NITRILO AZUL M";"9911";"-2";"20000";"25500";"0";"1";"2";;"2";"9"
"174";"GUANTE NITRILO AZUL S";"9998";"-1";"20000";"25500";"0";"1";"2";"Escaso";"2";"9"
"175";"BICARBONATO REY *10g*12";"9455";"-9";"3100";"3774";"0";"1";"7";;"2";"100"
"176";"GUANTE NITRILO NEGRO L";"9296";"-7";"19665";"25296";"0";"1";"2";;"2";"102"
"177";"GUANTE NITRILO NEGRO M";"9382";"-13";"19665";"25296";"0";"1";"2";;"2";"102"
"178";"GUANTE NITRILO 5.0 NEGRO S";"9852";"-3";"16665";"25296";"0";"1";"2";;"2";"102"
"179";"GUANTE NITRILO RINO NEGRO M";"9866";"-2";"20000";"28050";"0";"1";"5";;"2";"14"
"180";"GUANTE NITRILO DIAMANTE*25 TLM";"9871";"-1";"22500";"29070";"0";"1";"2";;"2";"102"
"181";"H&amp;S AZUL *12";"8555";"-34";"10000";"12000";"0";"1";"2";;"2";"20"
"182";"AXION LAVALOZA DISCO*12";"8797";"-27";"15050";"18462";"0";"1";"1";;"2";"6"
"183";"H&amp;S ROSADO * 12";"9027";"-15";"10000";"12000";"0";"1";"2";;"2";"20"
"184";"HALLS BARRA EXTRA FUERTE *12 UND";"9230";"-14";"16380";"20094";"0";"1";"3";;"2";"19"
"185";"HALLS BARRA SURTIDO *12 UND";"7908";"-61";"16380";"20094";"0";"1";"3";;"2";"19"
"186";"HALLS PEPA EXTRA FUERTE *100 UND";"8481";"-37";"13620";"16677";"0";"1";"3";;"2";"19"
"187";"HALLS PEPA SURTIDO *100 UND";"7673";"-42";"13620";"16677";"0";"1";"3";;"2";"19"
"188";"HOJA DE CUCHILLA DORCO *12";"8169";"-34";"11000";"13770";"0";"1";"2";;"2";"14"
"189";"IBUPROFENO GENFAR 800";"5993";"-80";"8200";"12240";"0";"1";"4";;"2";"9"
"190";"IBUPROFENO MK CAP 800 mg *30 UND";"9693";"-9";"31600";"38658";"0";"1";"4";;"2";"15"
"191";"IBUPROFENO MK 800 mg TAB *30 UND";"9496";"-8";"9800";"12036";"0";"1";"4";;"2";"15"
"192";"CARAMELO LIQUIDO ACIDO SURT*50UND";"9885";"0";"16334";"20298";"0";"0";"3";;"2";"8"
"193";"JABON BIG CAJA * 25 UND";"9534";"-13";"38000";"46360";"0";"1";"1";"Escaso";"2";"17"
"194";"JABON FAB POLVO * 100 GR*112UND";"3329";"-117";"1304";"1581";"0";"1";"1";;"2";"26"
"195";"JABON FAB POLVO * 225 GR*54UND";"5981";"-74";"2400";"2958";"0";"1";"1";;"2";"26"
"196";"JABON FAB POLVO *450 GR*28UND";"6194";"-88";"4000";"4998";"0";"1";"1";;"2";"26"
"197";"JABON MAS FIEL *450 GR *12und";"10000";"0";"18000";"22440";"0";"0";"1";;"2";"17"
"198";"OFERT VASO 5 VACAN BLAN 12+1 UND";"9335";"-5";"20150";"24895";"0";"0";"5";;"2";"2"
"199";"JABON PROTEX*72 UND";"7222";"-76";"2833";"3468";"0";"1";"2";;"2";"6"
"200";"CALDO MAGGI CUBO*54 UND";"9491";"-11";"18900";"23256";"0";"1";"7";;"2";"25"
"201";"KONZIL ACONDICIONADOR *18 UND";"9812";"-2";"14000";"17136";"0";"1";"2";"Escaso";"2";"13"
"202";"KONZIL CREMA PEINAR RIZOS *18 UND";"9560";"-8";"14000";"17136";"0";"1";"2";;"2";"13"
"203";"KONZIL CREMA PEINAR T/T *18 UND";"9694";"-5";"14000";"17136";"0";"1";"2";;"2";"13"
"204";"BORRADOR NATA GRANDE *12 UND";"9627";"-13";"2500";"4284";"0";"1";"11";;"2";"11"
"205";"VELA ESCARCHADA *3";"9944";"-2";"5100";"7038";"0";"0";"145";;"2";"2"
"206";"ACETATO CARTA *25 UND";"9942";"-3";"9500";"12444";"0";"1";"11";;"2";"11"
"207";"NORAVER POLVO NOCHE*6UND";"9902";"-3";"15300";"18768";"0";"1";"4";;"2";"9"
"208";"KONZIL SHAMPOO T/T *18 UND";"9704";"-16";"14000";"17136";"0";"1";"2";;"2";"13"
"209";"LADY SPEED STICK CLINICAL *18 UND";"9716";"-13";"17500";"21420";"0";"0";"2";;"2";"6"
"210";"LADY SPEED STICK CREMA PG 1 LLV2 *18 UND";"9906";"-4";"18000";"22032";"0";"0";"2";;"2";"6"
"211";"LADY SPEED STICK GEL *18 UND";"9236";"-18";"16900";"20900";"0";"1";"2";;"2";"6"
"212";"LADY SPEED STICK PRACTITUBO *6 UND";"9940";"-2";"17200";"20984";"0";"1";"2";;"2";"6"
"213";"BOLIGRAFO KILOMETRICO COLORES *12 UND";"9985";"-1";"5800";"7752";"0";"1";"11";;"2";"11"
"214";"MAIZENA SABORES *18";"8195";"-29";"24000";"28800";"0";"1";"7";;"2";"26"
"215";"MAIZENA TRADICIONAL *90gr *6und";"7658";"-50";"8500";"15800";"0";"1";"7";;"2";"26"
"216";"MANTECA CACAO *12 UND";"8150";"-45";"2700";"3672";"0";"1";"2";;"2";"18"
"217";"MAYONESA FRUCO *85 GR *12 UND";"7170";"-58";"16000";"18600";"0";"1";"7";;"2";"26"
"218";"MENTA HELADA  *100";"8416";"-39";"6076";"7446";"0";"1";"3";;"2";"7"
"219";"MENTA HELADA SURTIDA  *100";"9295";"-11";"6076";"7446";"0";"1";"3";;"2";"7"
"220";"REVOLCON ATOMO*48UND";"9807";"-1";"7298";"9129";"0";"1";"3";;"2";"24"
"221";"OFER SAVITAL SH+ CREM+ ACOND*60UND";"9900";"-3";"35000";"41700";"0";"0";"2";;"2";"18"
"222";"NOXPIRIN PLUS CAPSULA *48 UND";"9407";"-4";"50000";"61000";"0";"1";"4";;"2";"21"
"223";"NOXPIRIN POLVO DIA *24 UND";"9925";"0";"48000";"58650";"0";"1";"4";;"2";"21"
"224";"NOXPIRIN POLVO NOCHE *24 UND";"9535";"-9";"44000";"53856";"0";"1";"4";;"2";"21"
"225";"TRULULU AROS BOLSA*100 UND";"9573";"-3";"13350";"16524";"0";"1";"3";;"2";"24"
"226";"BARRILETE*  12G*40 UND";"8682";"-25";"7921";"9894";"0";"1";"3";;"2";"24"
"227";"VINIPEL*500mts ROJO";"9799";"-7";"15200";"19380";"0";"1";"5";;"2";"23"
"228";"REVOLCON CHICLE*50UND";"9523";"-10";"7100";"8874";"0";"1";"3";;"2";"24"
"229";"BOMBA ESTAMPADA VIRGEN*50 UND";"9993";"0";"8500";"11730";"0";"0";"145";;"2";"2"
"230";"OFERTA BOMBILLO LED 9 W*10 ECON";"9895";"0";"16000";"21420";"0";"0";"7";;"2";"14"
"231";"VANISH BLANCO*130ML";"8851";"-25";"1896";"2244";"0";"1";"1";;"2";"18"
"232";"TOALLA HIGIENICA ANGELA*8 UND";"9831";"0";"1647";"2040";"0";"0";"2";;"2";"18"
"233";"OREO ORIGINAL *12 UND";"8256";"-25";"10950";"13413";"0";"1";"8";;"2";"19"
"234";"OREO ORIGINAL TUBO";"5214";"-81";"2439";"3009";"0";"1";"8";;"2";"19"
"235";"PACA BANDEJA # 1 *500 UND";"9996";"0";"37000";"45288";"0";"1";"5";;"2";"2"
"236";"MEZCLADORES PLAST BIODEG*30 PQ";"9961";"-1";"36000";"44064";"0";"1";"5";;"2";"22"
"237";"SHAMPOO JOHNSON MANZ*12 UND";"9824";"-10";"12200";"14892";"0";"1";"2";;"2";"15"
"238";"PALILLOS *12UND*12DSP";"9491";"-9";"6300";"7686";"0";"1";"7";;"2";"15"
"239";"PANTENE ACONDICION MOLEC*12 UND";"9880";"-2";"9000";"12000";"0";"1";"2";;"2";"20"
"240";"PANTENE CREMA RIZOS*12 UND";"9909";"-3";"10000";"12200";"0";"1";"2";;"2";"20"
"241";"PANTENE SHAMPOO *12 UND";"8970";"-33";"9500";"12000";"0";"1";"2";;"2";"20"
"242";"PAX DIA *24 UND";"9869";"-7";"55500";"67710";"0";"1";"4";;"2";"18"
"243";"VASELINA TARRO *300G UND";"9975";"0";"11750";"14280";"0";"0";"2";;"2";"14"
"244";"PAX NOCHE *24 UND";"9440";"-21";"55500";"67710";"0";"1";"4";;"2";"18"
"245";"PEGANTE INSTAN ECON * 12 UND";"9588";"-6";"3500";"5406";"0";"1";"7";;"2";"14"
"246";"TOALLITA PEQUEÑIN*24 UND";"9147";"-3";"3050";"3723";"0";"1";"2";;"2";"25"
"247";"TRULULU MASMELOS SURT*12UND";"9710";"-7";"18797";"23256";"0";"0";"3";;"2";"24"
"248";"PH ELITE ROLLAZO *12";"8560";"-19";"21000";"25041";"0";"1";"1";;"2";"18"
"249";"CAJA VASO 5 ONZ BLANCO ECONOMICO *60 PQT";"9852";"-4";"90000";"114240";"0";"1";"5";;"2";"2"
"250";"PH SCOTT MAXIROLLO * 12";"9893";"-5";"19000";"23256";"0";"0";"1";;"2";"13"
"251";"PH SCOTT MAXIRROLLO *24";"9943";"0";"32000";"40800";"0";"0";"1";;"2";"13"
"252";"PAPEL ROSAL* 54UND";"9970";"-2";"58000";"70760";"0";"1";"1";;"2";"18"
"253";"MAREOL *72 UND";"9971";"0";"50000";"61200";"0";"1";"4";;"2";"9"
"254";"PH SEÑORIAL *4 *12 UND";"10000";"0";"28000";"34272";"0";"0";"1";;"2";"0"
"255";"PILA VARTA  AA *10 PARES";"9507";"-10";"15700";"19176";"0";"1";"7";;"2";"21"
"256";"PILA PANASONIC AAX10+AAAX10+1 UND ENCEND";"9972";"-1";"28247";"36006";"0";"0";"7";;"2";"21"
"257";"PITILLOS *200";"10000";"0";"3000";"4080";"0";"0";"5";;"2";"2"
"258";"COPA PARA SALSAS 1 1/2*100 UND";"9964";"-1";"5100";"6222";"0";"1";"5";;"2";"2"
"259";"PLATO 12 Onz *20 UND*24PQT";"9435";"-9";"3180";"3879";"0";"1";"5";;"2";"2"
"260";"PLATO 15.5 cm *20 UND*24PQT";"13325";"-372";"2330";"2842";"0";"1";"5";;"2";"2"
"261";"PLATO 16 Onz *20 UND*24PQT";"9310";"-40";"3720";"4538";"0";"1";"5";;"2";"2"
"262";"PLATO 18 cm *20 UND*24 PQT";"9267";"-16";"3230";"3940";"0";"1";"5";;"2";"2"
"263";"PLATO 23 cm *20 UND*24PQT";"9893";"-273";"5400";"6588";"0";"1";"5";;"2";"2"
"264";"PLATO 25 Onz *20 UND*24PQT";"176";"-240";"5275";"6435";"0";"1";"5";;"2";"2"
"265";"PLATO 26 cm *20 UND*24PQT";"8036";"-41";"7170";"8747";"0";"1";"5";;"2";"2"
"266";"PLATO 5 Onz *20 UND*24PQT";"9708";"-16";"1435";"1750";"0";"1";"5";;"2";"2"
"267";"PODER BLANQUEADOR *1000 ml *12 und";"9962";"-2";"25000";"30500";"0";"1";"1";;"2";"17"
"268";"BLANQUEADOR CATLEYA*3800 ml";"9983";"-1";"6000";"7650";"0";"1";"1";;"2";"17"
"269";"PODER BLANQUEADOR *500 ml*24";"9784";"-8";"23000";"28152";"0";"0";"1";;"2";"17"
"270";"JABON 3D *1000 GR";"9850";"-9";"6200";"8568";"0";"0";"1";;"2";"26"
"271";"REXONA CLINICAL LADY PG 18 LLV 20";"9458";"-14";"16500";"20130";"0";"1";"2";;"2";"26"
"272";"SEDAL SHAMPO CERAMIDAS*12";"9915";"-5";"8000";"11016";"0";"1";"2";;"2";"26"
"273";"JABON PROTEX*6UND SURT";"8796";"-21";"16998";"20808";"0";"1";"2";;"2";"6"
"274";"PROTECTORES KOTEX *150";"9836";"-4";"12000";"15300";"0";"1";"2";;"2";"13"
"275";"PROTECTORES NOSOTRAS *150 UND";"9534";"-10";"14000";"17080";"0";"1";"2";;"2";"12"
"276";"PROTECTORES NOSOTRAS *15";"8794";"-4";"1415";"1726";"0";"1";"2";;"2";"12"
"277";"RAID PASTILLAS * 24 UND";"9780";"-2";"9142";"11424";"0";"1";"1";;"2";"14"
"278";"RAID PASTILLAS *72 LLEV 84 UND";"9954";"-3";"32000";"39168";"0";"1";"2";;"2";"9"
"279";"ACEITE LIROSOYA *900 ml";"153";"-161";"6334";"7916";"0";"1";"9";;"2";"16"
"280";"ACEITE LIROSOYA *120 ml";"48802";"-1223";"1104";"1380";"0";"1";"9";;"2";"16"
"281";"ACEITE LIROSOYA *200 ml";"1674";"-222";"1656";"2070";"0";"1";"9";;"2";"16"
"282";"ACEITE LIROSOYA *2000 ml";"9603";"-12";"13666";"17083";"0";"1";"9";;"2";"16"
"283";"ACEITE LIROSOYA *450 ml";"1053";"-347";"3354";"4193";"0";"1";"9";;"2";"16"
"284";"SILICONA DELGADA EN BARRA";"9526";"-7";"14000";"18054";"0";"1";"11";;"2";"11"
"285";"SAL BULTO *50 KL";"10000";"0";"36000";"44880";"0";"0";"7";;"2";"10"
"286";"SAVITAL SHAMP FUSION DE PROTEIN*20 UND";"9617";"-10";"14000";"17080";"0";"1";"2";;"2";"26"
"287";"SAL REFINADA 900 GR *20 UND";"9647";"-7";"26000";"31824";"0";"1";"7";;"2";"10"
"288";"SAL REFINADA 500 GR *25 UND";"9594";"-5";"23000";"28152";"0";"1";"7";;"2";"10"
"289";"SALSA DE TOMATE FRUCO *85 GR *12 UND";"6659";"-75";"16000";"18600";"0";"1";"7";;"2";"26"
"290";"SANPIC CANELA MANZANA *200ml";"7705";"-16";"1208";"1530";"0";"0";"1";;"2";"18"
"291";"ACEITE LIROSOYA *250 ml";"5362";"-710";"1958";"2480";"0";"1";"9";;"2";"16"
"292";"SANPIC LAVANDA *200ml";"7402";"-46";"1300";"1530";"0";"0";"1";;"2";"18"
"293";"SANPIC VAINILLA *200 ml";"7549";"-23";"1208";"1530";"0";"0";"1";;"2";"18"
"294";"BOLSA DISEÑO CABALL*12 UND";"9950";"-4";"20000";"27540";"0";"1";"145";;"2";"2"
"295";"SEDAL CREMA PEINAR RIZOS *12UND";"8208";"-25";"9000";"11016";"0";"1";"2";;"2";"26"
"296";"REXONA CLINICAL MEN PG 18 LLV 20";"9522";"-5";"16500";"20130";"0";"1";"2";;"2";"26"
"297";"TOALLA HIGIENICA ANGELA*30 UND";"9915";"-1";"5500";"7140";"0";"0";"2";;"2";"0"
"298";"SEDAL SHAMPOO DUO *12UND";"9748";"-4";"9000";"11016";"0";"0";"2";;"2";"26"
"299";"CORONA PEQUEÑA *6UND";"9976";"0";"6000";"8262";"0";"1";"145";;"2";"2"
"300";"BORRADOR NATA PEQUEÑO *24 UND";"9770";"-6";"2500";"4284";"0";"1";"11";;"2";"11"
"301";"KATORI PASTILLA*24UND+ UND ELECTR";"10000";"0";"12500";"16320";"0";"0";"1";;"2";"9"
"302";"SERVILLETA RENDIPEL *300";"3339";"-164";"3266";"4050";"0";"1";"5";;"2";"2"
"303";"SEVEDOL *24";"8480";"-15";"27800";"33916";"0";"1";"4";;"2";"18"
"304";"SHICK EXACTA 2 HOJAS *12 UND";"9963";"-1";"21000";"25620";"0";"1";"2";;"2";"9"
"305";"SHICK LADY EXACTA *12 UND";"9984";"0";"19000";"23256";"0";"1";"2";;"2";"9"
"306";"SHICK LADY 3 HOJAS*13UND";"9954";"0";"32070";"39270";"0";"1";"2";;"2";"9"
"307";"SHICK QUATTRO TITANIUM *10 UND";"9902";"-1";"35000";"42700";"0";"1";"2";;"2";"9"
"308";"SHICK ULTRA BARBA *12 UND";"9670";"-2";"13700";"16728";"0";"0";"2";;"2";"9"
"309";"SHICK XTREM 3 HOJAS *12+2";"9510";"-15";"34500";"42090";"0";"1";"2";;"2";"9"
"310";"SPARKIES *70 UND";"9645";"-10";"13800";"17034";"0";"1";"3";;"2";"19"
"311";"SPEED STICK 24/7 CLINICAL *18 UND";"9971";"-3";"16000";"19890";"0";"0";"2";;"2";"6"
"312";"SPEED STICK CREMA 24/7 *18 UND";"9931";"-1";"19000";"23256";"0";"0";"2";;"2";"6"
"313";"SPEED STICK GEL 24/7 *18 UND";"8070";"-38";"17500";"20890";"0";"1";"2";;"2";"6"
"314";"SPEED STICK PRACTITUBO 24/7 *6 UND";"9963";"-1";"17200";"20984";"0";"1";"2";;"2";"6"
"315";"SUAVITEL CHOCOLATE *160 ml*56und";"6768";"-66";"1350";"1683";"0";"0";"1";;"2";"6"
"316";"SUAVITEL FRESCA PRIMAVERA *160ml*56und";"593";"-188";"1350";"1683";"0";"0";"1";;"2";"6"
"317";"XRAY DOL *48 UND";"9594";"-19";"58000";"70992";"0";"1";"4";;"2";"18"
"318";"SUAVITEL LAVANDA *160ml*56und";"8879";"-28";"1350";"1683";"0";"0";"1";;"2";"6"
"319";"OFERT 3D*250G PG12 LLV13";"9730";"-3";"27326";"33558";"0";"0";"1";;"2";"26"
"320";"SUAVITEL VAINILLA *160ml*56und";"8428";"-33";"1400";"1683";"0";"0";"1";;"2";"6"
"321";"SUPER GLUE *12 UND";"6757";"-66";"7500";"10200";"0";"1";"7";;"2";"18"
"322";"APRONAX *20 UND";"9823";"-5";"31000";"37820";"0";"1";"4";;"2";"18"
"323";"TAPA COPA 1.5 Onz*50 UND";"9896";"0";"2172";"2652";"0";"1";"5";;"2";"2"
"324";"TAPA VASO 7 Onz Wau!*50 Und";"9789";"-1";"3900";"4875";"0";"1";"5";;"2";"2"
"325";"TAPA VASO 9 Onz Wau! *50 Und";"9462";"-24";"5000";"6250";"0";"1";"5";;"2";"2"
"326";"GOMITAS VARIEDADES SURT 35GR*24";"9704";"-5";"16500";"19900";"0";"1";"3";;"2";"24"
"327";"TAPABOCAS*50 EMP INDIV";"8083";"-36";"7500";"10710";"0";"1";"2";;"2";"102"
"328";"TAPABOCAS NIÑO*50 UND";"9757";"-6";"8000";"12240";"0";"1";"2";;"2";"18"
"329";"TENEDOR GRANDE *100";"9117";"-27";"3700";"4692";"0";"1";"5";;"2";"2"
"330";"TENEDOR GRANDE *20";"7461";"-69";"1300";"1734";"0";"1";"5";;"2";"2"
"331";"TENEDOR PEQUEÑO *100";"9527";"-14";"2200";"2856";"0";"1";"5";;"2";"2"
"332";"TENEDOR PEQUEÑO *20";"7477";"-40";"1000";"1326";"0";"1";"5";;"2";"2"
"333";"TOALLA NOSOTRAS RAPIGEL *10+PROT";"2781";"-81";"4320";"5266";"0";"1";"2";;"2";"12"
"334";"TOALLA DE PAPEL ELITE *150";"9872";"-1";"4460";"5508";"0";"1";"5";;"2";"2"
"335";"TOALLA KOTEX *10";"8568";"-26";"3000";"3672";"0";"1";"2";;"2";"13"
"336";"TOALLA KOTEX *24";"9768";"-1";"8000";"10200";"0";"1";"2";;"2";"13"
"337";"TOALLA NOSOTRAS RAPIGEL *30+15 PROT";"7067";"-52";"12500";"15300";"0";"1";"2";;"2";"12"
"338";"TOALLA NOSOTRAS CLASICA *30 UND*8 PQT";"9363";"-15";"9800";"11950";"0";"1";"2";;"2";"12"
"339";"TOALLA NOSOTRAS CLASICA *10 UND*24PQT";"8664";"-32";"3200";"3978";"0";"0";"2";;"2";"12"
"340";"TRIDENT *18 UND";"8599";"-23";"20700";"25398";"0";"1";"3";;"2";"19"
"341";"TRIDENT *24 UND";"8582";"-30";"18216";"22338";"0";"1";"3";;"2";"19"
"342";"TRIDENT *60 UND";"6404";"-53";"12328";"15096";"0";"1";"3";;"2";"19"
"343";"TRULULU CHOCOLORES SURT*12 UND";"8953";"-28";"16554";"20196";"0";"1";"3";;"2";"24"
"344";"TRULULU CHOCOLORES BLANCO *12 UND";"8987";"-20";"16465";"20196";"0";"0";"3";;"2";"24"
"345";"TRULULU SABORES *12";"9140";"-25";"8544";"10557";"0";"0";"3";;"2";"24"
"346";"VASELINA COLOR *12 UND";"9375";"-11";"3100";"4590";"0";"1";"2";;"2";"14"
"347";"VASELINA PURA *12 UND";"7283";"-53";"2600";"3672";"0";"1";"2";;"2";"18"
"348";"VASO 10 Onz TRANSPARENTE *50 Und";"9012";"-28";"2625";"3250";"0";"1";"5";;"2";"22"
"349";"VASO 12 Onz TRANSPARENTE *50 Und";"8849";"-12";"3012";"3675";"0";"1";"5";;"2";"22"
"350";"VASO 16 Onz TRANSPARENTE * 50 Und";"9929";"0";"6000";"7344";"0";"1";"5";;"2";"22"
"351";"VASO 3,3 Onz COLOR *50";"9381";"-15";"1300";"1632";"0";"1";"5";;"2";"2"
"352";"VASO 6 onz BIODEGRADABLE *50 Und";"9543";"-16";"3400";"4390";"0";"1";"5";"Escaso";"2";"2"
"353";"VASO 7 Onz TRANSPARENTE VBC *50 Und";"4617";"-216";"2000";"2440";"0";"1";"5";;"2";"22"
"354";"VASO 5 Onz COLOR *50 Und";"45482";"-794";"1466";"1887";"0";"1";"5";;"2";"2"
"355";"VASO 7 Onz BLANCO *50 Und";"7651";"-16";"1775";"2170";"0";"0";"5";;"2";"22"
"356";"NUTRIBELA REPOLARIZACION*12UND";"9822";"-5";"14000";"17136";"0";"0";"2";;"2";"25"
"357";"VASO 7 Onz TRANSP ECONOMICO *50 UND";"10615";"-531";"1400";"1866";"0";"1";"5";;"2";"22"
"358";"CAJA VASO 3.3 COLOR *60 PQT";"9998";"0";"78000";"95472";"0";"1";"5";;"2";"2"
"359";"VASO 7 Onz TRANSPARENTE Wau!*50 Und";"6418";"-76";"1900";"2375";"0";"1";"5";;"2";"2"
"360";"VASO 9 Onz TRANSPARENTE *50 Und";"5218";"-148";"2625";"3205";"0";"1";"5";;"2";"22"
"361";"VASO 4 Onz BIODE*50 PG 6 LLV 7";"9982";"0";"16200";"20196";"0";"1";"5";;"2";"2"
"362";"VASO ICOPOR 4 Onz *20 Und";"9995";"0";"2450";"2958";"0";"0";"5";;"2";"2"
"363";"VASO ICOPOR 6 Onz *20 Und";"9603";"0";"3400";"4182";"0";"1";"5";;"2";"2"
"364";"VASO ICOPOR 8 Onz *20 Und";"9464";"-3";"3600";"4437";"0";"1";"5";;"2";"2"
"365";"CINTA ANCHA *30 MTS *6 UND";"9079";"-15";"7200";"9588";"0";"1";"11";;"2";"11"
"366";"VASO VACAN 7 Onz TRANS";"16235";"-418";"1700";"2125";"0";"1";"5";;"2";"2"
"367";"VINIPEL *100 Mts";"8954";"-40";"3400";"4386";"0";"1";"5";;"2";"23"
"368";"VINIPEL *20 Mts*40UND";"5403";"-102";"1100";"1530";"0";"1";"5";;"2";"23"
"369";"VINIPEL *50 Mts";"8437";"-52";"2500";"3264";"0";"1";"5";;"2";"23"
"370";"VINIPEL *500 Mts";"8730";"-14";"14500";"19380";"0";"1";"5";;"2";"23"
"371";"VINIPEL NEGRO * 50 Mts";"9862";"-1";"2600";"3264";"0";"0";"5";;"2";"23"
"372";"VINIPEL NEGRO *100 Mts";"9924";"0";"3400";"4590";"0";"1";"5";;"2";"23"
"373";"VINIPEL NEGRO *20 Mts";"9955";"0";"1200";"1632";"0";"1";"5";;"2";"23"
"374";"VINIPEL NEGRO *500 Mts";"9978";"-1";"15200";"20400";"0";"1";"5";;"2";"23"
"375";"VINIPEL PEQ *100 Mts";"9813";"-3";"2000";"2856";"0";"1";"5";;"2";"23"
"376";"XTIME SURTIDO * 100";"7001";"-78";"11270";"13770";"0";"1";"3";;"2";"7"
"377";"TOALLA NOSOTRAS EXTRAPROTECCION *6";"9496";"-2";"2945";"3570";"0";"1";"2";;"2";"25"
"378";"SUPERBONDER ORIGINAL *1 UND";"9504";"-6";"3700";"4539";"0";"1";"7";NULL;"2";"14"
"379";"ACEITE LIROSOYA*3000 ML";"9047";"-12";"20333";"24806";"0";"1";"9";NULL;"2";"16"
"380";"TAPABOCAS NIÑA *50 UND";"9880";"-4";"8000";"12240";"0";"1";"2";NULL;"2";"18"
"381";"CINTA PEGANTE PEQ *12 UND";"9729";"-5";"2000";"2652";"0";"1";"11";NULL;"2";"11"
"382";"HOJA DE VIDA 1003 PAQ *20 UND";"9227";"-16";"4500";"6324";"0";"1";"11";NULL;"2";"14"
"383";"TUMIX SURTIDO *100";"7130";"-73";"8141";"10608";"0";"1";"3";NULL;"2";"8"
"384";"CARTULINA PAQ *100 UND";"9658";"-11";"11000";"14484";"0";"1";"11";NULL;"2";"11"
"385";"REGLA ECONOMICA *12 UND";"9869";"-5";"5200";"7140";"0";"1";"11";NULL;"2";"11"
"386";"VINIPEL PEQ *500 Mts";"9772";"-5";"8500";"11220";"0";"1";"5";NULL;"2";"23"
"387";"SAVITAL SHAMPOO SERUN*12";"9860";"-4";"14000";"17080";"0";"1";"2";NULL;"2";"26"
"388";"BOLSA MANIJA *30 KL";"9986";"0";"14260";"18538";"0";"1";"5";NULL;"2";"23"
"389";"RICATO CARAMELO*50 UND";"8892";"-19";"6675";"8364";"0";"1";"3";NULL;"2";"24"
"390";"OKA LOKA NANO*12 UND";"9639";"-9";"18690";"23154";"0";"1";"3";NULL;"2";"24"
"391";"CINTA DE ENMASCARAR DE  1/2 PLG*6UND";"9731";"-4";"6000";"7956";"0";"1";"11";NULL;"2";"11"
"392";"MARCADOR GRAFICO SURT*10";"9989";"-1";"18000";"22644";"0";"1";"11";NULL;"2";"11"
"393";"SILICONA GRUESA  EN BARRA";"9787";"-6";"14000";"18054";"0";"1";"11";NULL;"2";"11"
"394";"NOXPIRIN POLVO SURTIDO*24";"9770";"-7";"44000";"54060";"0";"1";"4";NULL;"2";"21"
"395";"CINTA PEGANTE MED *12 UND";"9195";"-13";"3600";"4794";"0";"1";"11";NULL;"2";"11"
"396";"BOLSA MANIJA *2 KL";"9322";"-8";"2530";"3162";"0";"1";"5";NULL;"2";"23"
"397";"VASO 5 Onz BLANCO ECONOMICO * 50 Und";"25874";"-364";"1500";"1938";"0";"1";"5";NULL;"2";"2"
"398";"CHAOFIN CUCARACHAS SPRAY*250ML";"8468";"-7";"6500";"9690";"0";"1";"1";NULL;"2";"5"
"399";"PLATO 20CM *20 UND*24PQT";"8428";"-49";"4280";"5221";"0";"1";"5";NULL;"2";"2"
"400";"TAPABOCAS *50 UND NEGRO";"9385";"-19";"8500";"11730";"0";"1";"2";NULL;"2";"18"
"401";"BUBALOO SURT *94UND";"9895";"-4";"18490";"22644";"0";"1";"3";NULL;"2";"19"
"402";"ESFERO BIC NEGRO *12 UND";"9323";"-14";"5800";"7854";"0";"1";"11";NULL;"2";"11"
"403";"BOMBON PIN POP SURT*24UND";"8763";"-43";"6570";"8058";"0";"1";"3";NULL;"2";"24"
"404";"CAJA MEZCLADOR PLANO*500*25 PQT";"9993";"-1";"86250";"107100";"0";"1";"5";NULL;"2";"2"
"405";"ADVIL FEM *20 UND";"9923";"0";"37200";"45384";"0";"1";"4";NULL;"2";"9"
"406";"TAPA VASO 14-16 VBC Onz *25 Und";"9989";"0";"4700";"5967";"0";"1";"5";NULL;"2";"22"
"407";"VINIPEL *300 Mts";"9803";"0";"9000";"12240";"0";"1";"5";NULL;"2";"23"
"408";"CARTON PAJA *25 UND";"9814";"-4";"10000";"13464";"0";"1";"11";NULL;"2";"11"
"409";"CORONA GRANDE EMPQ*6UND";"9981";"0";"9000";"12546";"0";"1";"145";NULL;"2";"2"
"410";"JABON POLVO 3D *250 GR*24UND";"3974";"-67";"2222";"2777";"0";"1";"1";NULL;"2";"26"
"411";"ROLLON ACIDO SURT*10 UND";"9794";"0";"21215";"26316";"0";"1";"3";NULL;"2";"8"
"412";"NUTRIBELA REPARACIÓN*12UND";"9539";"-13";"14000";"17136";"0";"0";"2";NULL;"2";"0"
"413";"BIANCHI BLANCO GRANDE *100UND";"9296";"-22";"10756";"13974";"0";"1";"3";NULL;"2";"24"
"414";"TUMIX SURTIDO *300";"9738";"-4";"24416";"30275";"0";"1";"3";NULL;"2";"8"
"415";"ESFERO OFIESCO ROJO *12";"9564";"-18";"5400";"7242";"0";"1";"11";NULL;"2";"11"
"416";"CINTA DE ENMASCARAR DE 1 PLG*6UND";"9751";"-2";"10500";"13260";"0";"1";"11";NULL;"2";"11"
"417";"SILICONA LÍQUIDA 100ml *UND";"9941";"-2";"3300";"4386";"0";"1";"11";NULL;"2";"11"
"418";"BLOCK CUADRICULADO OFICIO";"9781";"-2";"3300";"4284";"0";"1";"11";NULL;"2";"11"
"419";"POLVO ACIDO *80UND";"9843";"-8";"7387";"9282";"0";"0";"3";NULL;"2";"8"
"420";"PALO DE PINCHO 30CM*100UND*50PQT";"9634";"-5";"1900";"2346";"0";"1";"5";NULL;"2";"2"
"421";"CAJA VASO 9 ONZ TRASP*40 PQT";"9963";"-1";"105000";"126000";"0";"1";"5";NULL;"2";"22"
"422";"NUTRIBELA SHAMPOO CELULAS*12";"9622";"-9";"9800";"12036";"0";"1";"2";NULL;"2";"9"
"423";"KATORI ESPIRAL*50UND";"9702";"-11";"20000";"24480";"0";"1";"1";NULL;"2";"9"
"424";"CAJA ACEITE LIROSOYA*3000*6UND";"9969";"0";"122000";"146400";"0";"1";"9";NULL;"2";"16"
"425";"VASO 9 Onz TRANSPARENTE Wau! *50 Und";"9125";"-20";"3450";"4312";"0";"1";"5";NULL;"2";"2"
"426";"OREO *6UND ORIGINAL";"1217";"-121";"7267";"8874";"0";"1";"8";NULL;"2";"19"
"427";"ESPONJILLA BRILLO *40UND";"9703";"-1";"11000";"13464";"0";"1";"1";NULL;"2";"14"
"428";"PAX DIA *12 UND";"9806";"-5";"27750";"33855";"0";"1";"4";NULL;"2";"18"
"429";"PAX NOCHE *12 UND";"8975";"-17";"27750";"33855";"0";"1";"4";NULL;"2";"18"
"430";"CINTA DE ENMASCARAR DE 2 PLG*6UND";"9942";"0";"21000";"26724";"0";"1";"11";NULL;"2";"11"
"431";"INSECTICIDA KATORI*30 UND";"9992";"-3";"9500";"11832";"0";"1";"1";NULL;"2";"14"
"432";"ASPIRINA EFERVESCENTE *25 UND";"9261";"-9";"20000";"24480";"0";"1";"4";NULL;"2";"9"
"433";"ALKA-SELTZER *30 UND";"9210";"-13";"20000";"24480";"0";"1";"4";NULL;"2";"9"
"434";"DOLEX GRIPA *48";"9899";"-1";"57000";"69540";"0";"1";"4";NULL;"2";"9"
"435";"MEZCLADORES  PLAST BIODEG*15 PQ";"9745";"-3";"18000";"22032";"0";"1";"5";NULL;"2";"22"
"436";"FOSFORO CAJA GRANDE *4 und";"9316";"-3";"4200";"5202";"0";"1";"7";NULL;"2";"15"
"437";"BIANCHI CHOCOL MANI*100";"9956";"-2";"9612";"12036";"0";"0";"3";NULL;"2";"24"
"438";"CERA CAPILAR EGO*10UND";"9752";"-4";"11500";"14076";"0";"1";"2";NULL;"2";"9"
"439";"VASO 5 Onz BLANCO Wau!";"7958";"-413";"1900";"2375";"0";"1";"5";NULL;"2";"2"
"440";"JABON RINDEX *125GR";"10000";"0";"0";"714";"0";"0";"1";NULL;"2";"0"
"441";"SAVITAL SHAMPOO MULTIVITAMI*20 UND";"9378";"-11";"14000";"17080";"0";"1";"2";NULL;"2";"26"
"442";"MILLAR BOLSA MANIJA* 5 KL";"9837";"-5";"40700";"49654";"0";"1";"5";NULL;"2";"23"
"443";"ADVIL MAX *40 UND";"9988";"0";"72000";"87840";"0";"1";"4";NULL;"2";"9"
"444";"SUPER COCO*100UND";"9403";"-12";"13350";"16422";"0";"1";"3";NULL;"2";"24"
"445";"CINTA DE ENMASCARAR DE 1 1/2 PLG*6UND";"9921";"-2";"13800";"17340";"0";"1";"11";NULL;"2";"11"
"446";"SERVILLETA FAMILIA 1 a 1*150";"8670";"-29";"2325";"2805";"0";"1";"5";NULL;"2";"2"
"447";"CAJA SERVILLETA RENDIPEL*300*15UND";"9718";"-13";"49000";"58956";"0";"1";"5";NULL;"2";"2"
"448";"KOTEX *10 ULTRAD + 15 PROT";"10000";"0";"3900";"4590";"0";"0";"2";NULL;"2";"13"
"449";"TAJALAPIZ METALICO *24 UND";"9755";"-12";"6000";"8364";"0";"1";"11";NULL;"2";"11"
"450";"CEPILLO NIÑO CORONA * 12 UND";"9823";"-2";"12000";"14688";"0";"0";"2";NULL;"2";"14"
"451";"SAVITAL ACONDICIONADOR*20 UND";"9162";"-12";"14000";"17080";"0";"1";"2";NULL;"2";"26"
"452";"REVOLCON CARAMELO*50 UND";"9431";"-18";"5963";"7548";"0";"1";"3";NULL;"2";"24"
"453";"SUPERCOCO BARRA * 12";"9952";"-1";"7832";"9588";"0";"0";"3";NULL;"2";"24"
"454";"BOLSA MANIJA *25 KL";"9851";"-1";"10160";"13208";"0";"1";"5";NULL;"2";"23"
"455";"CAJA ACEITE*120ML*48UND";"9336";"-15";"53000";"64300";"0";"1";"9";NULL;"2";"16"
"456";"CAJA ACEITE *200ML*48UND";"9970";"0";"79500";"96990";"0";"1";"9";NULL;"2";"16"
"457";"VASO BIODEGRADABLE 5ONZ*50UND*20PQT";"9379";"-5";"3100";"3978";"0";"1";"5";NULL;"2";"2"
"458";"BOLSA MANIJA *15 KL";"9821";"-3";"6460";"8398";"0";"1";"5";NULL;"2";"23"
"459";"TIJERAS PUNTA ROMA *12 UND";"9787";"-5";"9200";"12444";"0";"1";"11";NULL;"2";"11"
"460";"ESFERO OFIESCO NEGRO *12";"8435";"-34";"5400";"7242";"0";"1";"11";NULL;"2";"11"
"461";"DOLEX FORTE TABLETA *25";"9908";"-3";"37500";"45900";"0";"1";"4";;"2";"9"
"462";"MILLAR BOLSA MANIJA * 3K";"9742";"-3";"30250";"36905";"0";"1";"5";NULL;"2";"23"
"463";"JABON HARMONY *12 UND";"10000";"0";"11000";"13770";"0";"0";"2";NULL;"2";"17"
"464";"RESMA PAPEL OFICIO*500 UND";"9970";"0";"17000";"22644";"0";"1";"11";NULL;"2";"11"
"465";"BOLSA MANIJA *5 KL";"8367";"-18";"4070";"5291";"0";"1";"5";NULL;"2";"23"
"466";"NUTRIBELA TERMO PROTECCIÓN*12UND";"9854";"-4";"14000";"17136";"0";"1";"2";NULL;"2";"0"
"467";"CAJA VASO 5 Onz wau *60 PQT";"9893";"-3";"114000";"139080";"0";"1";"5";NULL;"2";"2"
"468";"NUTRIBELA ENZIMOTERAPIA*12UND";"9327";"-15";"14000";"17136";"0";"1";"2";NULL;"2";"25"
"469";"CAJA VASO BIODEGRADABLE 9 ONZ*25 PQT";"9937";"0";"85000";"106000";"0";"1";"5";NULL;"2";"2"
"470";"CAJA ACEITE *900ML*12UND";"9765";"-5";"76000";"92720";"0";"1";"9";NULL;"2";"16"
"471";"VASO 5 Onz MARPLAS BLANCO *50 Und";"7490";"-67";"1650";"2040";"0";"0";"5";NULL;"2";"2"
"472";"COPA CHAMPAÑERA *20 UND";"9963";"-3";"7760";"9486";"0";"1";"5";NULL;"2";"0"
"473";"VASO WHISKERO *20 UND";"9995";"0";"5800";"7076";"0";"1";"5";NULL;"2";"2"
"474";"SAVITAL CREMA PARA PEINAR*20 UND";"8875";"-34";"14000";"17080";"0";"1";"2";NULL;"2";"26"
"475";"SALSA ROSADA FRUCO *85 GR *12 UND";"9947";"-2";"20000";"23000";"0";"1";"7";NULL;"2";"26"
"476";"SALSA BBQ  FRUCO *85 GR * 12 UND";"9710";"-8";"20000";"25000";"0";"0";"7";NULL;"2";"26"
"477";"GUANTE NITRILO RINO NEGRO L";"9945";"-1";"20500";"28050";"0";"1";"5";NULL;"2";"14"
"478";"GUANTE ETERNA AZUL*25 TL M";"9948";"-2";"60000";"73440";"0";"0";"2";NULL;"2";"18"
"479";"GUANTE NITRILO RINO NEGRO S";"9988";"0";"20500";"28050";"0";"1";"5";NULL;"2";"14"
"480";"SUAVITEL FRESCURA MANZ *160ml*56und";"8119";"-48";"1350";"1683";"0";"0";"1";NULL;"2";"6"
"481";"SAVITAL CREM RIZ ACEI ARG Y SAVI*20UND";"9496";"-8";"14000";"17080";"0";"1";"2";NULL;"2";"26"
"482";"MILLAR BOLSA MANIJA * 1 1/2";"9555";"-5";"19800";"24156";"0";"1";"5";NULL;"2";"23"
"483";"CHAOFIN GEL* 15GR";"9748";"-5";"6500";"8160";"0";"1";"1";NULL;"2";"5"
"484";"SILICONA LÍQUIDA 60ml* UND";"9770";"-9";"2600";"3570";"0";"1";"11";NULL;"2";"11"
"485";"DETERGENTE 3D LIQUIDO *240 ml*12UND";"9704";"-6";"2000";"2550";"0";"0";"1";NULL;"2";"26"
"486";"PEGANTE SIPEGA 20 GR *24 UND";"9781";"-20";"10000";"12954";"0";"1";"11";NULL;"2";"11"
"487";"ENCENDEDOR ESTUFA TOKAI UND";"9992";"-3";"8400";"10200";"0";"1";"7";NULL;"2";"14"
"488";"OFERT LAPIZ OFIES NEGRO*12 PG 6 LL7";"9976";"0";"21600";"31416";"0";"1";"11";NULL;"2";"11"
"489";"VASO 9 ONZ BIODEGRADABLE*40 *20 PQT";"9825";"-2";"3400";"4400";"0";"1";"5";NULL;"2";"2"
"490";"SUPERBONDER ORIGINAL *12 UND";"9709";"-4";"10000";"12750";"0";"1";"7";NULL;"2";"14"
"491";"PH ELITE ROLLAZO *24 UND";"8941";"-21";"42000";"50082";"0";"1";"1";"Escaso";"2";"18"
"492";"VANISH ROSA*130ML";"8734";"-34";"1896";"2244";"0";"1";"1";NULL;"2";"18"
"493";"PAX SURTIDO *24 UND";"9660";"-5";"55500";"67710";"0";"1";"4";NULL;"2";"18"
"494";"H&amp;S ACEITE DE COCO*12";"9880";"-4";"10000";"12000";"0";"0";"2";NULL;"2";"15"
"495";"ASPIRINETA *140UND";"9964";"-1";"65470";"79873";"0";"0";"4";NULL;"2";"15"
"496";"CHICLE SUPER HIPER ACIDO*100";"9443";"-4";"9787";"12648";"0";"1";"3";NULL;"2";"8"
"497";"SEVEDOL MIGRAÑA *24 (AZUL)";"9980";"0";"18000";"23256";"0";"0";"4";NULL;"2";"15"
"498";"BONBON BIGBOM*48 UND SURT";"9863";"-2";"16300";"19992";"0";"1";"3";NULL;"2";"7"
"499";"PROTECTORES KOTEX *180 UND";"10000";"0";"11000";"14280";"0";"0";"2";NULL;"2";"13"
"500";"NUTRIBELA BIOKERATINA*12";"9690";"-7";"14000";"17136";"0";"1";"2";NULL;"2";"15"
"501";"SUAVITEL NATURAL *160ml*56und";"8482";"-22";"1400";"1683";"0";"0";"1";NULL;"2";"6"
"502";"BONFIEST*20";"8783";"-24";"15000";"48960";"0";"1";"4";NULL;"2";"9"
"503";"RICOSTILLA *60 CUBOS";"9810";"-5";"21550";"27540";"0";"1";"7";NULL;"2";"25"
"504";"JABON POLVO 3D *500GR*22UND";"1467";"-157";"3300";"3950";"0";"1";"1";NULL;"2";"26"
"505";"MAQUINA DORCO *24 UND";"8991";"-16";"11500";"14280";"0";"1";"2";NULL;"2";"14"
"506";"JABON PROTEX HERBAL *6 UND";"9877";"-1";"16998";"20808";"0";"1";"2";NULL;"2";"6"
"507";"JABON PROTEX AVENA *6 UND";"9890";"-3";"16998";"20808";"0";"1";"2";NULL;"2";"6"
"508";"JABON PROTEX LIMPIEZA PROFUNDA *6 UND";"9955";"-5";"16998";"20808";"0";"1";"2";NULL;"2";"6"
"509";"JABON PROTEX OMEGA 3 *6 UND";"9983";"-1";"16998";"20808";"0";"1";"2";NULL;"2";"6"
"510";"PEGANTE SIPEGA 40 GR *18 UND";"9830";"-1";"15600";"19890";"0";"1";"11";NULL;"2";"11"
"511";"PEGANTE SIPEGA 125 GR *6 UND";"9904";"-2";"10400";"13464";"0";"1";"11";NULL;"2";"11"
"512";"BLOCK BLANCO CARTA";"9831";"-6";"2800";"3672";"0";"1";"11";NULL;"2";"11"
"513";"BLOCK CUADRICULADO CARTA";"9572";"-9";"2800";"3468";"0";"1";"11";NULL;"2";"11"
"514";"BLOCK BLANCO OFICIO";"9948";"0";"3200";"4080";"0";"1";"11";NULL;"2";"11"
"515";"BLOCK IRIS CARTA*35";"9448";"-13";"2200";"2856";"0";"1";"11";NULL;"2";"11"
"516";"CARPETA PRESENTACION CARTA *50 UND";"9904";"-1";"15500";"20094";"0";"1";"11";NULL;"2";"11"
"517";"FOMI CARTA SURT *10 UND";"9708";"-11";"3500";"4590";"0";"1";"11";NULL;"2";"11"
"518";"FOMI OFICIO SURT*10 UND";"9616";"-13";"4000";"5406";"0";"1";"11";NULL;"2";"11"
"519";"LAPIZ MIRADO NEGRO *12 UND";"9850";"-4";"7300";"9690";"0";"1";"11";NULL;"2";"11"
"520";"MARCADOR PERMANENTE ROJO *10 UND";"9986";"0";"13500";"17034";"0";"1";"11";NULL;"2";"11"
"521";"MARCADOR PERMANENTE NEGRO *10 UND";"9773";"-3";"13500";"17034";"0";"1";"11";NULL;"2";"11"
"522";"MARCADOR PERMANENTE AZUL *10 UND";"9993";"0";"13500";"17034";"0";"1";"11";NULL;"2";"11"
"523";"MARCADOR PERMANENTE VERDE *10 UND";"9999";"0";"13500";"17034";"0";"1";"11";NULL;"2";"11"
"524";"MARCADOR BORRABLE VERDE *10 UND";"10000";"0";"16500";"21624";"0";"1";"11";NULL;"2";"11"
"525";"MARCADOR BORRABLE AZUL *10 UND";"10000";"-1";"16500";"21624";"0";"1";"11";NULL;"2";"11"
"526";"MARCADOR BORRABLE ROJO **10 UND";"9994";"0";"16500";"21624";"0";"1";"11";NULL;"2";"11"
"527";"MARCADOR BORRABLE NEGRO *10 UND";"9974";"-2";"16500";"21624";"0";"1";"11";NULL;"2";"11"
"528";"VARSOL 150 ML *48UND";"8418";"-18";"1500";"1938";"0";"1";"1";NULL;"2";"25"
"529";"VARSOL 375 ML *24UND";"7447";"-37";"2920";"3672";"0";"1";"1";NULL;"2";"25"
"530";"ESFERO OFIESCO COLORES*12 UND";"9874";"0";"5400";"7242";"0";"1";"11";NULL;"2";"11"
"531";"CAJA ACEITE *250ML*48UND";"9847";"-11";"94000";"114680";"0";"1";"9";NULL;"2";"16"
"532";"CREMA DENTAL DE NIÑO *12 UND";"10000";"0";"12000";"15300";"0";"0";"2";NULL;"2";"0"
"533";"CAJA ACEITE *2000ML*6UND";"9945";"0";"82000";"100040";"0";"1";"9";NULL;"2";"16"
"534";"CAJA FOSFORO REFUEGO  *50 PQT*20UND";"10000";"-1";"150000";"178500";"0";"0";"7";NULL;"2";"15"
"535";"ACETATO OFICIO *25 UND";"9912";"-7";"11000";"13974";"0";"1";"11";NULL;"2";"11"
"536";"BOLIGRAFO KILOMETRICO NEGRO *12 UND";"9923";"-2";"5800";"7752";"0";"1";"11";NULL;"2";"11"
"537";"BOLIGRAFO KILOMETRICO AZUL *12 UND";"9994";"0";"5800";"7752";"0";"1";"11";NULL;"2";"11"
"538";"BOLIGRAFO KILOMETRICO ROJO *12 UND";"9988";"0";"5800";"7752";"0";"1";"11";NULL;"2";"11"
"539";"BISTURI MEDIANO *12 UND";"9799";"-6";"7400";"10404";"0";"1";"11";NULL;"2";"11"
"540";"BISTURI PEQUEÑO *12 UND";"9947";"-1";"4200";"6018";"0";"1";"11";NULL;"2";"11"
"541";"CARPETA CARTON CARTA *12 UND";"9950";"-3";"7200";"9078";"0";"1";"11";NULL;"2";"11"
"542";"CARPETA CARTON OFICIO *12 UND";"9942";"-3";"7200";"9384";"0";"1";"11";;"2";"11"
"543";"PLASTILINA CAJA PEQ *10*12 CAJAS";"9810";"-5";"10200";"12852";"0";"1";"11";NULL;"2";"11"
"544";"PLASTILINA CAJA MED * 10 *12 CAJAS";"9941";"-2";"16800";"20808";"0";"1";"11";NULL;"2";"11"
"545";"PLASTILINA BARRA COLORES *12 UND";"9685";"-8";"6800";"8670";"0";"1";"11";NULL;"2";"11"
"546";"LAPIZ MIRADO ROJO *12 UND";"9798";"-4";"11000";"14229";"0";"1";"11";NULL;"2";"11"
"547";"LAPIZ KORES ROJO *12 UND";"9882";"-2";"6500";"8976";"0";"1";"11";NULL;"2";"11"
"548";"PH SEÑORIAL *48 UND";"10000";"0";"28000";"34272";"0";"0";"1";NULL;"2";"0"
"549";"TEMPERA CAJA *6 UND SURTIDA";"8976";"-22";"2550";"3366";"0";"1";"11";NULL;"2";"11"
"550";"CARPETA LOMO CORREDIZO *5 UND";"9963";"0";"4500";"5916";"0";"1";"11";NULL;"2";"11"
"551";"PLASTILINA CAJA GRA * 14 *6 CAJAS";"9940";"-1";"12000";"15504";"0";"1";"11";NULL;"2";"11"
"552";"BIANCHI AZUL *100 UND";"9353";"-14";"11926";"14549";"0";"1";"3";NULL;"2";"24"
"553";"BOLSA MANIJA 1-1/2 KL";"8342";"-13";"1980";"2574";"0";"1";"5";NULL;"2";"23"
"554";"GANCHOS DE COSEDORA *10 *1000 C/U";"9949";"-3";"7600";"9894";"0";"1";"11";NULL;"2";"11"
"555";"RESALTADORES *10 UND";"9955";"-1";"11500";"14994";"0";"1";"11";NULL;"2";"11"
"556";"ESFERO BIC AZUL *12 UND";"9947";"-2";"5800";"7854";"0";"1";"11";NULL;"2";"11"
"557";"ESFERO BIC ROJO *12 UND";"9907";"-2";"5800";"7854";"0";"1";"11";NULL;"2";"11"
"558";"LAPIZ KORES NEGRO *12 UND";"9874";"-3";"5500";"7446";"0";"1";"11";NULL;"2";"11"
"559";"CUADERNO COSIDO GRA CUADRI *100 HOJAS";"7396";"-106";"1950";"2499";"0";"1";"11";NULL;"2";"11"
"560";"CUADERNO COSIDO GRA CUADRI *50 HOJAS";"8968";"-72";"1600";"1989";"0";"1";"11";NULL;"2";"11"
"561";"SOBRE DE MANILA CARTA *100 UND";"9905";"-3";"8500";"10914";"0";"1";"11";NULL;"2";"11"
"562";"COLORES NORMA DOBLE PUNTA *12 UND";"9989";"-3";"15500";"19380";"0";"1";"11";NULL;"2";"11"
"563";"COLORES NORMA SENCILLO *12 UND";"9989";"-3";"11000";"14484";"0";"1";"11";NULL;"2";"11"
"564";"SAVITAL SHAMPOO ACEI ARG*20 UND";"9403";"-9";"14000";"17080";"0";"1";"2";NULL;"2";"26"
"565";"CORRECTOR *12 UND";"9795";"-2";"9600";"12648";"0";"1";"11";NULL;"2";"11"
"566";"GLACITAS CHOCOLATE PAQ *6 UND";"8540";"-15";"5400";"6630";"0";"1";"8";"Escaso";"2";"24"
"567";"GLACITAS FRESA PAQ *6 UND";"9143";"-10";"5400";"6630";"0";"1";"8";;"2";"24"
"568";"GLACITAS LIMON PAQ *6 UND";"9271";"-10";"5400";"6630";"0";"1";"8";NULL;"2";"24"
"569";"GLACITAS TOFFEE PAQ *6 UND";"9396";"-7";"5400";"6630";"0";"1";"8";NULL;"2";"24"
"570";"CHOCOBOMBONES CHOCOLATE*30UND";"9249";"-13";"8188";"10098";"0";"1";"3";NULL;"2";"24"
"571";"SUPER COCO TIRUDITO*50UND";"9947";"-6";"9790";"12138";"0";"1";"3";NULL;"2";"24"
"572";"ENCENDEDOR BIC MINI*15 UND";"9835";"-3";"26800";"32793";"0";"1";"7";NULL;"2";"9"
"573";"GLOBO BURBUJA 24&quot;*12 UND";"9990";"-1";"8400";"11628";"0";"1";"145";NULL;"2";"2"
"574";"FABULOSO NARANJA*180ML*72und";"8742";"-16";"1500";"1836";"0";"1";"1";NULL;"2";"6"
"575";"GLACITAS CHOCONIEVE PAQ *6 UND";"9226";"-11";"5400";"6630";"0";"1";"8";NULL;"2";"24"
"576";"BORRADOR GRANDE PELIKAN *20 UND";"9941";"-1";"13000";"16320";"0";"1";"11";NULL;"2";"11"
"577";"COLORES OFIESCO *12 UND 1 PUNTA";"9758";"-1";"5000";"6732";"0";"1";"11";NULL;"2";"11"
"578";"COLORES OFIESCO *12 UND DOBLE PUNTA";"9600";"-4";"5300";"7140";"0";"1";"11";"Escaso";"2";"11"
"579";"LAPIZ OFIESCO NEGRO *12 UND";"9041";"-26";"3600";"5406";"0";"1";"11";NULL;"2";"11"
"580";"LAPIZ OFIESCO ROJO *12 UND";"9290";"-18";"4500";"6936";"0";"1";"11";NULL;"2";"11"
"581";"HOJA DE EXAMEN *100 UND";"9774";"-1";"9500";"12138";"0";"1";"11";NULL;"2";"11"
"582";"MILLAR BOLSA 10 KL";"9934";"-1";"53000";"64660";"0";"1";"5";NULL;"2";"23"
"583";"MILLAR BOLSA ALUMINIO # L25";"10000";"0";"44000";"54060";"0";"1";"5";NULL;"2";"23"
"584";"BOLSA MANIJA *10 KL";"9420";"-8";"5300";"6890";"0";"1";"5";NULL;"2";"23"
"585";"FOMI ESCARCHADO SURT*10UND";"9709";"-6";"7000";"10404";"0";"1";"11";NULL;"2";"11"
"586";"OKA LOKA FUSIÓN*12UND";"8925";"-15";"10235";"12648";"0";"1";"3";NULL;"2";"24"
"587";"SAL DE FRUTAS*20";"9372";"-10";"15000";"40800";"0";"0";"4";NULL;"2";"9"
"588";"MARCADOR PERMANENTE SURT *10 UND";"9860";"-4";"13500";"17034";"0";"1";"11";NULL;"2";"11"
"589";"NUTRIBELA CELULAS MADRES*12UND";"9507";"-10";"14000";"17136";"0";"0";"2";NULL;"2";"25"
"590";"SOBRE DE MANILA OFICIO *100 UND";"9968";"-1";"10000";"12954";"0";"1";"11";NULL;"2";"11"
"591";"MARCADOR BORRABLE SURTIDO *10 UND";"9953";"-3";"16500";"21624";"0";"1";"11";NULL;"2";"11"
"592";"OFERTA H&amp;S 1ROSA+1AZUL+ANTIRES*36 UND";"9737";"-7";"26898";"33000";"0";"0";"2";NULL;"2";"20"
"593";"OFERT PANTE SHAM MOLEC-ACOND- SHAM BIOTI*36 UND";"9524";"-14";"27000";"33000";"0";"1";"2";NULL;"2";"26"
"594";"PITILLOS EMP INDV*200";"9987";"0";"7300";"9282";"0";"1";"5";NULL;"2";"2"
"595";"TRULULU CHOCOLORES MANI *12 UND";"9794";"-2";"16465";"20196";"0";"0";"3";NULL;"2";"24"
"596";"AZUCAR SOBRE PACA *10 PAQ";"9761";"-4";"40000";"48960";"0";"1";"5";NULL;"2";"23"
"597";"OFERT H&amp;S 1 ROSA1 AZUL1ANTIC*36UND";"9869";"-2";"26812";"33000";"0";"1";"2";NULL;"2";"20"
"598";"CHAO LINEA SANDIA*24";"9861";"-9";"7921";"9894";"0";"0";"3";NULL;"2";"24"
"599";"CHAO PASTILLA CEREZA*16";"9831";"-5";"13000";"15912";"0";"1";"3";NULL;"2";"24"
"600";"MOLDE DE ALUMINIO #031*20 UND";"9807";"0";"4000";"5304";"0";"1";"5";NULL;"2";"23"
"601";"MOLDE DE ALUMINIO #041*20 UND";"9311";"-2";"5700";"7344";"0";"1";"5";NULL;"2";"23"
"602";"SI PEGA EN BARRA 8GR *12UND";"9813";"-4";"12000";"15504";"0";"1";"11";NULL;"2";"11"
"603";"ALCOHOL OSSA *345 ML*24UND";"8658";"-28";"3150";"3843";"0";"1";"4";NULL;"2";"18"
"604";"AGOGO BOLA PEQ*500UND";"9701";"-7";"11014";"13974";"0";"1";"3";NULL;"2";"8"
"605";"SAVITAL SHAM COMPLE HIAULURO*20 UND";"9867";"-2";"14000";"17080";"0";"1";"2";NULL;"2";"26"
"606";"TOALLA COSINA FAVORITA*1 ROLLO*24PQT";"8959";"-4";"1650";"2100";"0";"1";"7";NULL;"2";"25"
"607";"CAFE SELLO ROJO*250G";"9886";"-3";"9000";"10800";"0";"0";"6";NULL;"2";"100"
"608";"DURAFEX ESPALDA*6UND+GASTROFAS";"10000";"0";"8500";"10404";"0";"0";"4";NULL;"2";"9"
"609";"BANDEJA C1 *50 UND";"9519";"-7";"11350";"14100";"0";"1";"5";NULL;"2";"2"
"610";"JABON POLVO 3D *125*96UND";"1697";"-108";"1149";"1428";"0";"1";"1";NULL;"2";"26"
"611";"VINIPEL NEGRO 300 MTS";"9971";"-1";"10000";"12750";"0";"1";"5";NULL;"2";"23"
"612";"PALILLO MEDIANO *10*125UND*12DSP";"9876";"-2";"10500";"13668";"0";"1";"7";NULL;"2";"2"
"613";"TRULULU FAVORITOS 70G SURT*12";"9080";"-20";"19140";"22937";"0";"1";"3";NULL;"2";"24"
"614";"RESMA PAPEL  CARTA*500 HOJAS";"9590";"-15";"13500";"16830";"0";"1";"11";NULL;"2";"11"
"615";"SILICONA LÍQUIDA 30ml *UND";"8809";"-30";"1300";"1938";"0";"1";"11";NULL;"2";"11"
"616";"AMOXICILINA *50 CAPSULAS";"9070";"-21";"13500";"17136";"0";"0";"4";NULL;"2";"9"
"617";"PALO DE PINCHO 25CM*100 UND*50PQT";"9427";"-39";"1800";"2244";"0";"1";"5";NULL;"2";"2"
"618";"ESFERO RETRÁCTIL KILOMETRICO";"9958";"-4";"7200";"9792";"0";"1";"11";NULL;"2";"11"
"619";"CALMIDOL MAX * 48";"9984";"0";"52000";"63240";"0";"0";"4";NULL;"2";"9"
"620";"CALMIDOL COMPUESTO * 48";"9970";"0";"42000";"51408";"0";"0";"4";NULL;"2";"9"
"621";"CHOCO SNACKS  SURT*12";"9956";"-1";"18868";"23052";"0";"1";"3";NULL;"2";"24"
"622";"BOMBON SUPER COCO *24";"9230";"-17";"9345";"11628";"0";"1";"3";NULL;"2";"24"
"623";"MORITAS *100";"8976";"-15";"5800";"7089";"0";"1";"3";NULL;"2";"7"
"624";"BOMBAZO*50 UNID";"8626";"-29";"6942";"8517";"0";"1";"3";NULL;"2";"24"
"625";"OKA NANO *24";"9724";"-8";"11125";"13617";"0";"1";"3";NULL;"2";"24"
"626";"AXION LAVALOZA*235GR*48 UND";"8863";"-40";"2900";"3468";"0";"1";"1";NULL;"2";"6"
"627";"OFERT VASO 5 COLOR 12+1 UND";"7842";"-45";"19279";"23256";"0";"1";"5";NULL;"2";"2"
"628";"CAJA VASO ACME LEON NEGRO * 60 PQT";"9998";"0";"117500";"141780";"0";"1";"5";NULL;"2";"22"
"629";"VASO ACME LEON NEGRO*50und";"9847";"0";"1958";"2397";"0";"1";"5";NULL;"2";"22"
"630";"CAJA VASO 7 TRASP  ECONOMICO *40 PQT";"9856";"-5";"56000";"68320";"0";"1";"5";NULL;"2";"22"
"631";"PACA J1*200 UND";"9718";"-11";"74300";"90646";"0";"1";"5";NULL;"2";"2"
"632";"OKA LOKA CHICLE POLVO *12";"9626";"-9";"7743";"9690";"0";"1";"3";NULL;"2";"24"
"633";"NUTRIBELA NUTRICIÓN*12UND";"9783";"-4";"14000";"17136";"0";"1";"2";NULL;"2";"0"
"634";"ESPONJILLA ACERADA *12UND";"9566";"-8";"12500";"16320";"0";"1";"1";NULL;"2";"14"
"635";"BIANCHI BARRA AZUL *12";"9920";"-1";"14400";"17646";"0";"0";"3";NULL;"2";"24"
"636";"BIANCHI BARRA BLANCO *12";"9917";"-1";"14400";"17646";"0";"0";"3";NULL;"2";"24"
"637";"BIANCHI BARRA SURT *18";"9840";"-1";"12816";"15912";"0";"1";"3";NULL;"2";"24"
"638";"DOVE DESODORANTE*10";"9844";"-3";"9000";"11016";"0";"1";"2";NULL;"2";"26"
"639";"DOVE JABON SURTIDOS *4 UND";"9673";"-6";"14666";"17952";"0";"1";"2";NULL;"2";"26"
"640";"GUANTE ETERNA NEGRO M";"9999";"0";"66000";"81252";"0";"1";"2";NULL;"2";"18"
"641";"GUANTE ETERNA NEGRO  L";"9976";"0";"60000";"73440";"0";"1";"2";NULL;"2";"18"
"642";"GUANTE ETERNA AZUL L";"10000";"0";"34500";"47940";"0";"0";"2";NULL;"2";"18"
"643";"CONTENEDOR 24 ONZ TAPA ESPUMADA*20";"9885";"-2";"20520";"24705";"0";"1";"5";NULL;"2";"2"
"644";"AROMATEL MANZANA*180 ML*36und";"4522";"-87";"1200";"1479";"0";"1";"1";NULL;"2";"26"
"645";"MILLAR BOLSA MANIJA* 25 KL";"9988";"0";"101600";"123952";"0";"1";"5";NULL;"2";"23"
"646";"MILLAR BOLSA MANIJA* 30 KL";"9999";"0";"142600";"173972";"0";"1";"5";NULL;"2";"23"
"647";"CHOCOBOMBONES MARACUFRESA*30UND";"9754";"-7";"8188";"9996";"0";"0";"3";NULL;"2";"24"
"648";"PH FAMILIA MEGAROLLO*12 UND";"8485";"-41";"22750";"27846";"0";"1";"1";NULL;"2";"12"
"649";"TAJALAPIZ CON DEPOSITO*12 UND";"9905";"0";"6500";"9996";"0";"1";"11";NULL;"2";"11"
"650";"CHICLE ACIDO BARRA *15 UND";"9487";"-14";"9770";"12342";"0";"1";"3";NULL;"2";"8"
"651";"CHICLE BARRA BARBIE *15 UND";"9752";"-4";"9770";"12342";"0";"1";"3";NULL;"2";"8"
"652";"CAJA ACEITE *450ML*24UND";"9810";"-4";"80500";"98210";"0";"1";"9";NULL;"2";"16"
"653";"KATORI PASTILLAS CON EMANADOR *24";"9990";"-2";"15500";"19380";"0";"1";"1";NULL;"2";"9"
"654";"OFERT 1 ACETAM AG*100+2 IBUP GENFAR*50";"9817";"-3";"24500";"30600";"0";"1";"4";NULL;"2";"9"
"655";"PILA VARTA AAA *10 PARES";"9510";"-9";"15700";"19176";"0";"1";"7";NULL;"2";"21"
"656";"PILA PANASONIC AAX10+AAAX10+1 ALKAL AA";"10000";"0";"27800";"39627";"0";"0";"7";NULL;"2";"21"
"657";"PILA PANASONIC ALKALINA AA PG 3LLEV 4";"9995";"0";"13225";"16524";"0";"0";"7";NULL;"2";"21"
"658";"DR. LOOK LENGUA Y PATA ÁCIDA*10";"9804";"-1";"25600";"31620";"0";"1";"3";NULL;"2";"8"
"659";"DR. LOOK TRAGANOTAS*10UND";"9739";"-2";"25700";"31620";"0";"1";"3";NULL;"2";"8"
"660";"CHAO PEPA MORA AZUL*2UND *100";"9984";"-1";"11481";"14076";"0";"0";"3";NULL;"2";"24"
"661";"COLGATE GRANDE TRIPLEACCION *150ml UND";"9743";"-12";"10000";"12240";"0";"1";"2";NULL;"2";"6"
"662";"FRASCO MUESTRA ORINA*50UND";"9671";"-11";"12000";"15300";"0";"1";"4";NULL;"2";"102"
"663";"FRASCO MUESTRA COPROLOGICA*50UND";"9851";"-5";"10500";"13260";"0";"1";"4";NULL;"2";"102"
"664";"TUMIX*300+AGOGO *100 UND";"9542";"-18";"30641";"37500";"0";"1";"3";NULL;"2";"8"
"665";"SHARPIE *12 UND SURTIDO";"9964";"-3";"30000";"36924";"0";"1";"11";NULL;"2";"11"
"666";"CAJA VASO 7 TRANS WAU! *60 PQT";"9983";"0";"114000";"139080";"0";"1";"5";NULL;"2";"2"
"667";"TOALLITA PEQUEÑIN TIRA*12 UND";"9787";"-17";"2800";"3468";"0";"1";"2";NULL;"2";"15"
"668";"XRAY DOL *12 UND";"8673";"-28";"14500";"18748";"0";"1";"4";NULL;"2";"15"
"669";"SUAVITEL ORQUIDEA LAVANDA*360ML*24und";"10000";"0";"2300";"2856";"0";"0";"1";NULL;"2";"6"
"670";"PAPEL ROSAL* 27UND";"9250";"-18";"27500";"33660";"0";"1";"1";NULL;"2";"18"
"671";"PANTENE SHAMPOO COLAGENO *12UND";"9273";"-20";"9500";"12000";"0";"1";"2";NULL;"2";"20"
"672";"REVOLCON CHUPETA ACIDA*12UND";"9974";"0";"9434";"12444";"0";"1";"3";NULL;"2";"24"
"673";"BOMBA GRADO*100";"9979";"-4";"14000";"19278";"0";"1";"145";NULL;"2";"2"
"674";"CAJA RESMA PAPEL OFICIO*10";"9516";"-16";"170000";"210000";"0";"1";"11";NULL;"2";"11"
"675";"BARRILETE POPS *12UND";"9969";"-1";"4806";"5916";"0";"0";"3";NULL;"2";"24"
"676";"EYE CANDY*30 UND";"9922";"-2";"13800";"17034";"0";"0";"3";NULL;"2";"7"
"677";"VELA LISA *10 UND";"9684";"-34";"3500";"4270";"0";"1";"147";NULL;"2";"15"
"678";"NUTRIB SHAM BIOKERATINA*12 UND";"9695";"-4";"9800";"12036";"0";"1";"2";NULL;"2";"25"
"679";"GEL EGO NARANJA*25GR *15UND";"8288";"-30";"12000";"15198";"0";"1";"2";NULL;"2";"18"
"680";"CAJA VASO 7ONZ BIODEGRADABLE *20PQT";"9996";"0";"72000";"90270";"0";"1";"5";NULL;"2";"2"
"681";"CAJA VASO 7 TRASP VBC *40 PQT";"9975";"-1";"80000";"96000";"0";"1";"5";NULL;"2";"22"
"682";"FICHA BIBLIOGRAFICA*50 UND";"9699";"-12";"1300";"1938";"0";"1";"11";NULL;"2";"21"
"683";"CORTA UÑAS GRANDE*12 UND";"9696";"-5";"14000";"17136";"0";"1";"2";NULL;"2";"9"
"684";"TOALLA NOSOTRAS EXTRAP *24UND*8 PQT";"9774";"-4";"10583";"12838";"0";"1";"2";NULL;"2";"12"
"685";"LAPIZ OFIESCO NEGRO PASTEL*12 UND";"9928";"-1";"3600";"5406";"0";"1";"11";NULL;"2";"11"
"686";"GUANTE HD NEGRO*25 PARES L";"10014";"0";"35000";"44880";"0";"1";"2";NULL;"2";"14"
"687";"ADVIL ULTRA*40";"9972";"0";"72000";"87840";"0";"1";"4";NULL;"2";"15"
"688";"PANTENE SHAMPOO MOLECU*12";"9987";"0";"9000";"12000";"0";"1";"2";NULL;"2";"20"
"689";"CHAOFIN SHAMPOO MASCOTA*250ML";"9942";"-1";"5500";"8160";"0";"0";"1";NULL;"2";"5"
"690";"DOVE TRATAMIENTO CAPILAR *12UND";"9805";"-3";"10000";"13770";"0";"0";"2";NULL;"2";"26"
"691";"BOUQUET MAMA*UND";"9993";"0";"3800";"5200";"0";"1";"145";NULL;"2";"2"
"692";"NUTRIBELA PROHIALURONICO *12";"9326";"-11";"14000";"17136";"0";"1";"2";NULL;"2";"25"
"693";"JABON LE FRAGANCE*6 UND SURT";"9470";"-6";"9250";"11832";"0";"1";"2";NULL;"2";"14"
"694";"LOZACREM*150";"9463";"-4";"1500";"1836";"1";"0";"1";NULL;"2";"4"
"695";"BANDEJA #1 *50 UND";"9898";"0";"3700";"4743";"0";"1";"5";NULL;"2";"2"
"696";"GUANTE NITRILO HD AZUL M *50 UND";"9982";"0";"32000";"44880";"0";"1";"2";NULL;"2";"14"
"697";"SCOTT RINDEMAX *30";"9904";"-3";"30000";"36720";"0";"0";"1";NULL;"2";"13"
"698";"ACETAMINOFEN AG *100 UND";"7208";"-49";"6500";"8772";"0";"1";"4";;"2";"9"
"2047";"gomas trululu 120gr";"10";"0";"1800";"2500";"0";"1";"76";NULL;"1";"27"
"2048";"bombombum";"10";"0";"3000";"4000";"0";"1";"76";NULL;"1";"27"
"2049";"trident x 60 sandia CJ X 40";"0";"0";"8900";"10800";"0";"1";"76";NULL;"1";"27"
"2050";"Halls tubo surtido x12 CJX30";"0";"0";"9200";"15000";"0";"1";"76";NULL;"1";"28"
"2051";"café 125gramos";"0";"0";"1990";"2150";"0";"1";"80";NULL;"1";"31"
"2052";"advil max x20";"0";"0";"23000";"35000";"0";"1";"78";NULL;"1";"32"
"2053";"GEL EGO ROJA 25ML*15 UND";"8834";"-50";"12000";"15198";"0";"1";"2";NULL;"2";"9"
"2054";"GUANTE HD NEGRO *25 PARES TL M";"66";"0";"35000";"44880";"0";"1";"2";NULL;"2";"14"
"2055";"VINILO BLANCO*125GR";"88";"-6";"1500";"2040";"0";"1";"11";NULL;"2";"11"
"2056";"VINILO AMARILLO*125G";"22";"-6";"1500";"2040";"0";"1";"11";NULL;"2";"11"
"2057";"VINILO ROJO*125G";"17";"-12";"1500";"2040";"0";"1";"11";NULL;"2";"11"
"2058";"VINILO NEGRO*125GR";"1945";"-2";"1500";"2040";"0";"1";"11";NULL;"2";"11"
"2059";"CHAO XTREME CEREZA*100";"1979";"-3";"5600";"7548";"0";"0";"3";NULL;"2";"24"
"2060";"CHAO XTREME ORIGINAL *100";"1980";"-1";"6160";"7548";"0";"0";"3";NULL;"2";"24"
"2061";"CHAO XTREME MORA AZUL *100";"1971";"0";"6380";"7752";"0";"0";"3";NULL;"2";"24"
"2062";"BOMBA R18 CROMADA*10";"1960";"-5";"7500";"10353";"0";"1";"145";NULL;"2";"2"
"2063";"VASO VBC 5.5 BLANCO*50 UND";"15980";"-77";"2050";"2501";"0";"0";"5";NULL;"2";"22"
"2064";"PLUMONES OFIESCO SURT*12UND";"1953";"-8";"5800";"7854";"0";"1";"11";NULL;"2";"11"
"2065";"VASO BLANCO 3.3*50UND";"1826";"-3";"1500";"1836";"0";"1";"5";NULL;"2";"2"
"2066";"H&amp;S ANTI COMESON*12 UND";"4";"-1";"9500";"12000";"0";"1";"2";NULL;"2";"20"
"2067";"GUANTE VINILO *100 UND TL M";"75";"0";"13500";"16524";"0";"1";"2";NULL;"2";"23"
"2068";"VASO 10 TRANS WAU!";"798";"-8";"3850";"4812";"0";"1";"5";NULL;"2";"2"
"2069";"FRUWI MASTICABLE*100 UND";"13";"-4";"8900";"10914";"0";"0";"3";NULL;"2";"24"
"2070";"CHAO PEPA MENTA *100 UND";"4";"-12";"6675";"8364";"0";"1";"3";NULL;"2";"24"
"2071";"CHAO PEPA SANDIA*100";"59";"-4";"6675";"8364";"0";"1";"3";NULL;"2";"24"
"2072";"CHAO PEPA LIMON*100 UND";"971";"-6";"6675";"8364";"0";"1";"3";NULL;"2";"24"
"2073";"CHAO PEPA FRESA*100 UND";"787";"-15";"6675";"8364";"0";"1";"3";NULL;"2";"24"
"2074";"LOKIÑO MINIS AZUL*12UND";"11";"-9";"8900";"11118";"0";"0";"3";NULL;"2";"24"
"2075";"LECHE CONDENSADA TUBITO*45GR*12UND";"54";"-2";"18600";"22950";"0";"1";"3";NULL;"2";"24"
"2076";"trident x 60 sandia CJ X 40";"9985";"63";"12327";"14900";"1";"1";"82";"adams";"3";"34"
"2077";"trident x 60 gris CJ X 40";"9997";"1";"12327";"14900";"1";"1";"82";"adams";"3";"34"
"2078";"trident x 60 menta  CJX40";"9951";"32";"12327";"14900";"1";"1";"82";"adams";"3";"34"
"2079";"trident x60 mora azul CJX40";"9983";"10";"12327";"14900";"1";"1";"82";"adams";"3";"34"
"2080";"trident x 60 surtido CJ X 40";"8073";"1138";"12327";"14900";"1";"1";"82";"adams";"3";"34"
"2081";"trident x 24 sandia CJ X30";"9995";"8";"18250";"21700";"1";"1";"82";"adams";"3";"34"
"2082";"trident x 24 gris CJX 30";"9991";"4";"18215";"21700";"1";"1";"82";"adams";"3";"34"
"2083";"trident x 24 menta CJX30";"9972";"16";"18215";"21700";"1";"1";"82";"adams";"3";"34"
"2084";"trident x 24 mora azul CJX 30";"9984";"5";"18215";"21700";"1";"1";"82";"adams";"3";"34"
"2085";"trident x 24 surtido CJX30";"9057";"586";"18250";"21700";"1";"1";"82";"adams";"3";"34"
"2086";"trident x 18 yerba buena CJ X 30";"9961";"23";"22539";"26500";"1";"1";"82";"adams";"3";"34"
"2087";"trident x 18 sandia CJ X 30";"9991";"9";"22539";"26500";"1";"1";"82";"adams";"3";"34"
"2088";"trident x 18 mora azl CJ X 30";"9980";"20";"22539";"26500";"1";"1";"82";"adams";"3";"34"
"2089";"trident x 18 tropical mix CJX 30";"9997";"5";"13274";"24500";"1";"0";"82";"adams";"3";"34"
"2090";"trident x 18 gris CJX30";"9987";"9";"22539";"26500";"1";"1";"82";"adams";"3";"34"
"2091";"trident x 18 surtido CJX 30";"9039";"571";"22539";"26500";"1";"1";"82";"adams";"3";"34"
"2092";"trident x 18 menta CJX30";"9945";"41";"22539";"26500";"1";"1";"82";"adams";"3";"34"
"2093";"bubaloo surtido x 47 unidades";"9557";"335";"9245";"10900";"1";"1";"82";"adams";"3";"34"
"2094";"bubaloo otros x47 unidades";"9977";"17";"9245";"10900";"1";"1";"82";"adams";"3";"34"
"2095";"Sparkies en linea x 70 CJ X 32";"9797";"282";"9134";"16600";"1";"1";"82";"adams";"3";"34"
"2096";"Halls tubo surtido x12 CJX30";"8938";"713";"16375";"19200";"1";"1";"82";"adams";"3";"34"
"2097";"Halls tubo cherry lyptus x 12 CJX30";"9951";"61";"16375";"19200";"1";"1";"82";"adams";"3";"34"
"2098";"Halls tubo extra fuerte x12 CJX30";"9361";"401";"16375";"19200";"1";"1";"82";"adams";"3";"34"
"2099";"Halls tubo fruty mix x 12 CJX30";"9986";"20";"16375";"19200";"1";"1";"82";"adams";"3";"34"
"2100";"halls tubo mentol lyptus x 12 CJX30";"9977";"19";"16375";"19200";"1";"1";"82";"adams";"3";"34"
"2101";"halls tubo mora zul x 12 CJX30";"9970";"22";"16375";"19200";"1";"1";"82";"adams";"3";"34"
"2102";"halls tubo sandia x 12 CJX30";"10000";"0";"9200";"17500";"1";"0";"82";"adams";"3";"34"
"2103";"halLs tubo limon y miel x 12 CJX30";"9963";"29";"16375";"19200";"1";"1";"82";"adams";"3";"34"
"2104";"halls pepa extrafuerte x100 CJX30";"9496";"329";"13616";"15900";"1";"1";"82";"adams";"3";"34"
"2105";"halls pepa sandia X100 CJX30";"9999";"1";"11159";"13950";"1";"0";"82";"adams";"3";"34"
"2106";"halls pepa yerba buena X100 CJX30";"9995";"5";"13616";"15900";"1";"1";"82";"adams";"3";"34"
"2107";"halls pepa cherry lyptus x100 CJX30";"9982";"7";"16375";"15900";"1";"1";"82";"adams";"3";"34"
"2108";"halls pepa menthol lypyus x100 CJX30";"9993";"3";"13616";"15900";"1";"1";"82";"adams";"3";"34"
"2109";"halls pepa mora azul x100 CJX30";"9992";"6";"13616";"15900";"1";"1";"82";"adams";"3";"34"
"2110";"halls pepa surtido x 100 CJX30";"9102";"663";"13616";"15900";"1";"1";"82";"adams";"3";"34"
"2111";"chiclets x100 surtido CJX30";"9948";"61";"14400";"18800";"1";"0";"82";"adams";"3";"34"
"2112";"galleta oreo vainilla original  x 12CJX12";"8675";"1293";"11730";"13700";"1";"1";"82";"adams";"3";"34"
"2113";"galleta oreo vainilla original  x 6CJX18";"6767";"1777";"7267";"8500";"1";"1";"82";"adams";"3";"34"
"2114";"galleta oreo original chocolate x 12  CJX12";"10000";"1";"5653";"7500";"1";"0";"82";"Escaso";"3";"34"
"2115";"galleta oreo original cokkies and cream x12 CJX12";"10000";"0";"5633";"7500";"1";"0";"82";"Escaso";"3";"34"
"2116";"galleta oreo tubo CJX30";"6442";"3921";"2437";"2900";"1";"1";"82";"adams";"3";"34"
"2117";"galleta oreo mini X6";"10000";"193";"8500";"10500";"1";"0";"82";"adams";"3";"34"
"2118";"galleta club social original X9 CJX24";"7866";"1811";"6532";"7500";"1";"1";"82";"adams";"3";"34"
"2119";"galleta club social  integral X9 CJX24";"9263";"668";"6532";"7500";"1";"1";"82";"adams";"3";"34"
"2120";"galleta ritz queso X6";"10000";"0";"4230";"4900";"1";"0";"82";"adams";"3";"34"
"2121";"bonbonbum fresa X24cjx15";"9698";"254";"8500";"10500";"1";"1";"92";"Colombina";"3";"44"
"2122";"bonbonbum surtido CJX15";"8961";"758";"8500";"10500";"1";"1";"92";"colombina";"3";"44"
"2123";"oferta bonbonbum x3 +6 unidades";"9550";"296";"25500";"31500";"1";"1";"92";"colombina";"3";"44"
"2124";"yogueta x24 sutido";"9866";"77";"5600";"8500";"1";"1";"84";"aldor";"3";"36"
"2125";"pinpop surtido x 24CJX18";"9643";"198";"6800";"8500";"1";"1";"84";"aldor";"3";"36"
"2126";"chocoballx50 CJX18";"10000";"216";"4300";"5500";"1";"0";"92";"Colombina";"3";"44"
"2127";"coffedelight x100 CJX18 duro";"9457";"270";"8500";"10500";"1";"1";"92";"Colombina";"3";"44"
"2128";"xtime surtidox100 CJX24";"9234";"845";"11000";"14000";"1";"1";"92";"Colombina";"3";"44"
"2129";"xtime menta x100 CJX24";"9936";"71";"11000";"14000";"1";"1";"92";"Colombina";"3";"44"
"2130";"xtime extrafuerte x100 CJX24";"9997";"19";"11000";"13800";"1";"0";"92";"Colombina";"3";"44"
"2131";"xtime yerba buena x100 CJX24";"9977";"14";"11500";"14000";"1";"1";"92";"Colombina";"3";"44"
"2132";"xtime sandia x100 CJX24";"9982";"16";"11000";"14000";"1";"1";"92";"Colombina";"3";"44"
"2133";"xtime canela x100 CJX24";"9943";"31";"11000";"14000";"1";"1";"92";"Colombina";"3";"44"
"2134";"coffedelight linea x12 CJX12";"10000";"0";"5100";"6600";"1";"0";"92";"Colombina";"3";"44"
"2135";"gelatina Fruit jelly repuesto x 25";"9826";"430";"12152";"15200";"1";"1";"92";"Colombina";"3";"44"
"2136";"lonja de bocadillo 250gr CJX30";"7690";"1653";"1450";"2000";"1";"1";"92";"karla";"3";"44"
"2137";"veleño karlaX36 CJX10";"9268";"437";"14150";"17700";"1";"1";"92";"karla";"3";"44"
"2138";" café papeleta 50gramos x10";"10000";"0";"7600";"8200";"1";"0";"83";;"3";"35"
"2139";"café 125gramos ";"10000";"0";"1990";"2150";"1";"0";"83";"aguila roja ";"3";"35"
"2140";"café 250gramos ";"10000";"0";"3850";"4200";"1";"0";"83";"aguila roja ";"3";"35"
"2141";"café 500gramos ";"10000";"0";"7200";"7900";"1";"0";"83";"aguila roja ";"3";"35"
"2142";"cafe 2500gramos";"10000";"10";"43376";"48000";"0";"0";"83";"aguila roja ";"3";"35"
"2143";"salsa de tomate fruko80g x12 CJX12";"7032";"3180";"18000";"18550";"1";"1";"126";"unilever";"3";"78"
"2144";"salsa mayonesa fruko 80gx12CJX12";"7754";"2759";"18000";"18550";"1";"1";"126";"unilever";"3";"78"
"2145";"salsa bbq fruko80g x12 CJX12";"9058";"830";"17400";"25700";"1";"1";"126";"unilever";"3";"78"
"2146";"salsa mostaza80gx12 CJX12";"9744";"90";"17500";"25700";"1";"1";"126";"unilever";"3";"78"
"2147";"salsa rosada 80gx12 CJX12";"9770";"305";"17400";"25700";"1";"1";"126";"unilever";"3";"78"
"2148";"salsa de tomate doy pack 120gramos X24";"3036";"4189";"1900";"2150";"1";"1";"126";"unilever";"3";"78"
"2149";"salsa de mayonesa doy pack 120gramos x24";"4464";"3837";"1900";"2150";"1";"1";"126";"unilever";"3";"78"
"2150";"maizena 90gramos";"7666";"1714";"2100";"3200";"1";"1";"126";"unilever";"3";"78"
"2151";"maizena 90gramos 12x13";"9318";"334";"25000";"38400";"1";"1";"126";"unilever";"3";"78"
"2152";"Maizena lotero mix x18 CJX18";"9316";"593";"24000";"30200";"1";"1";"126";"unilever";"3";"78"
"2153";"aromaticas salamanca frutos rojosx25sob CJX12";"8050";"1270";"3583";"4500";"1";"1";"119";"salamanca";"3";"71"
"2154";"aromaticas salamanca yerba buenax25 sob CJX12";"9734";"422";"3583";"4500";"1";"1";"119";"salamanca";"3";"71"
"2155";"aromaticas salamanca limonx25sob CJX12";"9101";"803";"3583";"4500";"1";"1";"119";"salamanca";"3";"71"
"2156";"aromaticas salamanca piñax25sob CJX12";"10000";"211";"2250";"3100";"1";"0";"119";"salamanca";"3";"71"
"2157";"aromaticas salamanca mandarinaX25CJX12";"9869";"156";"3000";"3750";"1";"0";"119";"salamanca";"3";"71"
"2158";"aromaticas salamanca naranjax25sob CJX12";"9758";"307";"3583";"4500";"1";"1";"119";"salamanca";"3";"71"
"2159";"aromaticas salamanca luloX25 CJX12";"9797";"166";"3583";"4500";"1";"1";"119";"salamanca";"3";"71"
"2160";"aromaticas salamanca manzanillax25sob X12";"9833";"260";"3000";"3750";"1";"0";"119";"salamanca";"3";"71"
"2161";"aromaticas salamanca cidron25sob X12";"9827";"167";"3583";"4500";"1";"1";"119";"salamanca";"3";"71"
"2162";"aromaticas salamanca surtidas X12";"9931";"47";"43000";"52000";"1";"1";"119";"salamanca";"3";"71"
"2163";"aromatica tradicional manzanillax20sob cjx24";"9589";"593";"1500";"1800";"1";"1";"124";"tizana";"3";"76"
"2164";"aromatica tradicional limonariax20sob cjx24";"9828";"134";"1500";"1800";"1";"1";"124";"tizana";"3";"76"
"2165";"aromatica tradicional toronjilx20sob cjx24";"9860";"104";"1500";"1800";"1";"1";"124";"tizana";"3";"76"
"2166";"aromatica tradicional yerba buenax20 cjx24";"9808";"119";"1500";"1800";"1";"1";"124";"tizana";"3";"76"
"2167";"aromatica tradicional albacax20sob cjx24";"9887";"121";"1500";"1800";"1";"1";"124";"tizana";"3";"76"
"2168";"aromatica tradicional cidronx20sob cjx24";"9834";"116";"1500";"1800";"1";"1";"124";"tizana";"3";"76"
"2169";"hojuelas azucaradas x100gramos";"9074";"3017";"900";"1200";"1";"0";"112";"nutrigal";"3";"64"
"2170";"chocoarrozx100gramos";"9211";"1932";"900";"1200";"1";"0";"112";"nutrigal";"3";"64"
"2171";"esferas frutalesx100gramos";"10000";"356";"900";"1000";"1";"0";"112";"nutrigal";"3";"64"
"2172";"esferas de chocolatex100gramos";"9994";"627";"900";"1000";"1";"0";"112";"nutrigal";"3";"64"
"2173";"anillos de coloresx100gramos";"9051";"2395";"900";"1200";"1";"0";"112";"nutrigal";"3";"64"
"2174";"granolax100gramos";"9418";"659";"900";"1200";"1";"0";"112";"nutrigal";"3";"64"
"2175";"hojuelas azucaradas x250gramos";"9742";"483";"2800";"4000";"1";"0";"112";"nutrigal";"3";"64"
"2176";"chocoarrozx250gramos";"9793";"315";"2800";"4000";"1";"0";"112";"nutrigal";"3";"64"
"2177";"esferas de chocolatex250gramos";"10000";"19";"2800";"3900";"1";"0";"112";"nutrigal";"3";"64"
"2178";"anillos de coloresx250gramos";"9701";"498";"2800";"4000";"1";"0";"112";"nutrigal";"3";"64"
"2179";"granolax250gramos";"9249";"943";"2800";"4000";"1";"0";"112";"nutrigal";"3";"64"
"2180";"hojuelas azucaradasx500gramos";"10000";"0";"4000";"5500";"1";"0";"112";"nutrigal";"3";"64"
"2181";"chocoarrozx500gramos";"10000";"7";"4000";"5200";"1";"0";"112";"nutrigal";"3";"64"
"2182";"anillos de colores x500gramos";"10000";"1";"4000";"5500";"1";"0";"112";"nutrigal";"3";"64"
"2183";"granolax500gramos";"10000";"63";"4000";"6200";"1";"0";"112";"nutrigal";"3";"64"
"2184";"granola ligth x500gramos";"10000";"3";"4000";"5200";"1";"0";"112";"nutrigal";"3";"64"
"2185";"paca de azucarx10";"9773";"348";"32000";"47000";"1";"1";"85";"azucar de colombia";"3";"37"
"2186";"azucar paquete";"9367";"311";"3200";"4800";"1";"1";"85";"azucar de colombia";"3";"37"
"2187";"advil max x20";"9816";"106";"35000";"46000";"1";"1";"111";"medicamentos ";"3";"63"
"2188";"advil ultra x20";"9749";"111";"35000";"46000";"1";"1";"111";"medicamentos ";"3";"63"
"2189";"advil gripa x20";"9824";"84";"35000";"46000";"1";"1";"111";"medicamentos ";"3";"63"
"2190";"advil fem x20";"10000";"0";"22000";"36000";"1";"0";"111";"medicamentos ";"3";"63"
"2191";"advil max x 10";"9749";"97";"18500";"23000";"1";"1";"111";"medicamentos ";"3";"63"
"2192";"advil ultra x 10";"9669";"130";"18500";"23000";"1";"1";"111";"medicamentos ";"3";"63"
"2193";"advil gripa x 10";"9796";"6";"19500";"23000";"1";"1";"111";"medicamentos ";"3";"63"
"2194";"advil fem x 10";"10000";"0";"11500";"18000";"1";"0";"111";"medicamentos ";"3";"63"
"2195";"noxpirin cápsula x 24";"9632";"190";"24000";"29500";"1";"1";"111";"medicamentos ";"3";"63"
"2196";"noxpirin cápsula x48";"9885";"84";"48000";"59000";"1";"1";"111";"medicamentos ";"3";"63"
"2197";"dolex fortex8";"10000";"8";"6960";"8700";"1";"0";"111";"medicamentos ";"3";"63"
"2198";"dolex forte x24";"10000";"3";"20880";"26100";"1";"0";"111";"medicamentos ";"3";"63"
"2199";"pax noche x24";"9790";"96";"51500";"60500";"1";"1";"111";"medicamentos ";"3";"63"
"2200";"pax dia x 24";"9944";"31";"51500";"60500";"1";"1";"111";"medicamentos ";"3";"63"
"2201";"pax noche x12";"9678";"146";"25750";"30500";"1";"1";"111";"medicamentos ";"3";"63"
"2202";"pax dia x 12";"9936";"37";"25750";"30500";"1";"1";"111";"medicamentos ";"3";"63"
"2203";"pax surtido x 24";"9791";"103";"51500";"60500";"1";"1";"111";"medicamentos ";"3";"63"
"2204";"alkaltserzerx60";"9911";"44";"38000";"48000";"1";"1";"111";"medicamentos ";"3";"63"
"2205";"alkaltserzerx30";"9681";"108";"19000";"24000";"1";"1";"111";"medicamentos ";"3";"63"
"2206";"bonfiestx20";"10000";"115";"40500";"56000";"1";"0";"111";"medicamentos ";"3";"63"
"2207";"bonfiest x 8 uni";"9800";"70";"22250";"28000";"1";"1";"111";"medicamentos ";"3";"63"
"2208";"sal de frutasx20";"10000";"84";"31000";"40800";"1";"0";"111";"medicamentos ";"3";"63"
"2209";"sal de frutas x13";"9722";"379";"29000";"37300";"1";"1";"111";"medicamentos ";"3";"63"
"2210";"calmidol max x48";"9999";"10";"38000";"62000";"1";"0";"111";"medicamentos ";"3";"63"
"2211";"calmidol max x24";"9991";"23";"19000";"31000";"1";"0";"111";"medicamentos ";"3";"63"
"2212";"calmidol compuesto x48";"9995";"12";"36000";"59000";"1";"0";"111";"medicamentos ";"3";"63"
"2213";"calmidol compuesto x 24";"9983";"16";"24000";"29500";"1";"0";"111";"medicamentos ";"3";"63"
"2214";"buscapina fem x24";"9869";"60";"33000";"42000";"1";"1";"111";"medicamentos ";"3";"63"
"2215";"buscapina compuesta x30";"9936";"35";"39000";"49000";"1";"1";"111";"medicamentos ";"3";"63"
"2216";"acetaminofemx100 unid";"9254";"265";"6500";"9500";"1";"1";"111";"medicamentos ";"3";"63"
"2217";"ibuprofeno x 800mg";"9338";"287";"10000";"13500";"1";"1";"111";"medicamentos ";"3";"63"
"2218";"curitasx100";"9761";"198";"4500";"5800";"1";"1";"111";"medicamentos ";"3";"63"
"2219";"tarrito rojo x8";"10000";"61";"6500";"8200";"1";"0";"111";"medicamentos ";"3";"63"
"2220";"noraver nochex6";"10000";"0";"5400";"7200";"1";"0";"111";"medicamentos ";"3";"63"
"2221";"sevedol x 24";"9560";"170";"28000";"35000";"1";"1";"111";"medicamentos ";"3";"63"
"2222";"sevedol x 12";"9823";"89";"14000";"17500";"1";"1";"111";"medicamentos ";"3";"63"
"2223";"bloqueador arawak X8";"9796";"265";"12500";"15500";"1";"0";"111";"medicamentos ";"3";"63"
"2224";"Vaselina pura x 12";"9450";"311";"2800";"3800";"1";"1";"111";"medicamentos ";"3";"63"
"2225";"vaselina colores x 12";"9925";"48";"3500";"4500";"1";"1";"111";"medicamentos ";"3";"63"
"2226";"crema de limon x12";"9916";"62";"2800";"3800";"1";"1";"111";"medicamentos ";"3";"63"
"2227";"manteca cacao";"9720";"233";"3000";"3800";"1";"1";"111";"medicamentos ";"3";"63"
"2228";"crema ponds rosada x 10";"9728";"191";"13500";"20000";"1";"1";"111";"medicamentos ";"3";"63"
"2229";"crema ponds azul x10";"9736";"193";"13500";"20000";"1";"1";"111";"medicamentos ";"3";"63"
"2230";"crema ponds roja x 10";"9749";"170";"13500";"20000";"1";"1";"111";"medicamentos ";"3";"63"
"2231";"gel ego alfax15";"10000";"86";"9000";"13800";"1";"0";"116";"quala";"3";"68"
"2232";"gel ego xtremex15";"10000";"0";"9000";"10000";"1";"0";"116";"quala";"3";"68"
"2233";"gel ego atraccionx15";"10000";"0";"9000";"10600";"1";"0";"116";"quala";"3";"68"
"2234";"speed stick gelx18";"8961";"647";"16500";"19800";"1";"1";"91";"colgate palmolive";"3";"43"
"2235";"speed crema duox18";"9998";"20";"19000";"23500";"1";"1";"91";"colgate palmolive";"3";"43"
"2236";"speed clinicalx18";"10000";"17";"8950";"13800";"1";"0";"91";"colgate palmolive";"3";"43"
"2237";"lady speed stick gelx18";"9647";"238";"16500";"19800";"1";"1";"91";"colgate palmolive";"3";"43"
"2238";"lady speed stick crema x18 duo";"9947";"43";"20000";"23500";"1";"1";"91";"colgate palmolive";"3";"43"
"2239";"lady clinicalx18";"10000";"20";"8950";"13800";"1";"0";"91";"colgate palmolive";"3";"43"
"2240";"rexona clinicalx20 hombre";"9642";"137";"12500";"20800";"1";"1";"126";"unilever";"3";"78"
"2241";"rexona clinicalx20 mujer";"9637";"199";"12500";"20800";"1";"1";"126";"unilever";"3";"78"
"2242";"colgate x75 triple accion X6";"9278";"653";"18333";"23000";"0";"1";"91";"colgate palmolive";"3";"43"
"2243";"colgate x 75 triple accion x12";"9735";"291";"36666";"45900";"1";"1";"91";"colgate palmolive";"3";"43"
"2244";"protex jabon avena";"9166";"529";"2500";"3300";"1";"1";"91";"colgate palmolive";"3";"43"
"2245";"protex jabon vitamina e";"9884";"122";"2500";"3300";"1";"1";"91";"colgate palmolive";"3";"43"
"2246";"protex jabon herbal";"9035";"318";"2500";"3300";"1";"1";"91";"colgate palmolive";"3";"43"
"2247";"protex jabon limpieza profunda";"9633";"207";"2500";"3300";"1";"1";"91";"colgate palmolive";"3";"43"
"2248";"protex jabon completo 12";"9959";"27";"2500";"3000";"1";"0";"91";"colgate palmolive";"3";"43"
"2249";"protex jabon duo proteccion";"9913";"15";"2500";"3000";"1";"0";"91";"colgate palmolive";"3";"43"
"2250";"protex jabon macadamia";"9705";"177";"2500";"3300";"1";"1";"91";"colgate palmolive";"3";"43"
"2251";"jabon dove x 4";"8286";"917";"12000";"18500";"1";"1";"126";"unilever";"3";"78"
"2252";"jabon jhonsons X12";"10000";"0";"17600";"21000";"1";"0";"102";"jhonson y jhonson";"3";"54"
"2253";"toallas nosotras x 10 rapigel";"9392";"607";"3500";"4900";"1";"1";"99";"familia";"3";"51"
"2254";"toallas nosotras x 10 tela";"9700";"399";"3458";"4350";"1";"1";"99";"familia";"3";"51"
"2255";"toallas nosotras x 30 rapigel";"9798";"274";"10000";"13700";"1";"1";"99";"familia";"3";"51"
"2256";"toallas nosotras x 30 tela";"9848";"170";"10000";"13700";"1";"1";"99";"familia";"3";"51"
"2257";"nosotras protectorx150";"9965";"0";"12500";"15500";"1";"1";"99";"familia";"3";"51"
"2258";"tapabocas azul x 50 unidades";"9165";"1371";"11250";"11000";"1";"1";"111";"medicamentos ";"3";"63"
"2259";"betun bowvy negro";"9543";"333";"3800";"4900";"1";"1";"88";"bowvy";"3";"40"
"2260";"betun bowvy azul";"9957";"20";"3800";"4900";"1";"1";"88";"bowvy";"3";"40"
"2261";"betun bowvy blanco";"9661";"274";"3800";"4900";"1";"1";"88";"bowvy";"3";"40"
"2262";"betun bowvy café";"9947";"40";"3800";"4900";"1";"1";"88";"bowvy";"3";"40"
"2263";"cuchilla dorco  x 12";"9480";"152";"11000";"14000";"1";"1";"96";"dorco";"3";"48"
"2264";"copitosx12 uka";"9980";"59";"14000";"17500";"1";"0";"111";"medicamentos ";"3";"63"
"2265";"pegante super blue x12";"9621";"520";"4000";"7000";"1";"1";"123";"super blue";"3";"75"
"2266";"tokai x 25";"8988";"538";"24500";"29900";"1";"1";"125";"tokai";"3";"77"
"2267";"encendedor bic";"10000";"165";"1100";"1300";"1";"0";"87";"bic";"3";"39"
"2268";"matrix x 12 gratis 1";"7760";"2038";"7000";"7900";"1";"1";"108";"matrix";"3";"60"
"2269";"oro plata x12";"8681";"837";"6300";"9000";"1";"1";"109";"maxbri";"3";"61"
"2270";"sabra verde x36";"9807";"176";"6500";"9300";"1";"1";"109";"maxbri";"3";"61"
"2271";"doble uso x24";"9617";"262";"6670";"9500";"1";"1";"109";"maxbri";"3";"61"
"2272";"esponja alambre x36";"9864";"160";"6000";"8500";"1";"1";"109";"maxbri";"3";"61"
"2273";"esponja maya x 3";"9748";"245";"1050";"1500";"1";"1";"109";"maxbri";"3";"61"
"2274";"inox  plus x12";"9650";"168";"16500";"22000";"1";"1";"109";"maxbri";"3";"61"
"2275";"Esponjillon maxbri x12";"9436";"465";"3000";"4000";"1";"1";"109";"gol";"3";"61"
"2276";"esponjillon maxbri x6";"9703";"150";"1500";"2000";"1";"1";"108";"gol";"3";"61"
"2277";"cera escarlata amarilla CJX48";"9794";"191";"815";"1200";"1";"1";"110";"medellin";"3";"62"
"2278";"cera escarlata blanca CJX48";"9386";"475";"815";"1200";"1";"1";"110";"medellin";"3";"62"
"2279";"cera escarlata roja CJX48";"9251";"852";"815";"1200";"1";"1";"110";"medellin";"3";"62"
"2280";"vela x12 acanalada CJX22";"7716";"1935";"3800";"4800";"1";"1";"120";"san jorge";"3";"72"
"2281";"varsol 1/2 reisol CJX24";"7118";"1704";"2400";"3300";"1";"1";"118";"reisol";"3";"70"
"2282";"varsol botella  reisol CJX12";"9699";"88";"3330";"6600";"1";"1";"118";"reisol";"3";"70"
"2283";"bombillos x 10 gratis fósforox20";"9912";"152";"8500";"20000";"1";"1";"101";"incandecent";"3";"53"
"2284";"bombillo incandecent unidad";"9965";"17";"625";"2000";"1";"0";"101";"incandecent";"3";"53"
"2285";"bombillo led 9voltios";"9808";"272";"1800";"2800";"1";"1";"105";"led";"3";"57"
"2286";"bombillos led 12voltios";"9905";"54";"2800";"3800";"1";"1";"105";"led";"3";"57"
"2287";"bombillo led 9w  10 x 12";"9744";"132";"18000";"28000";"1";"1";"105";"led";"3";"57"
"2288";"bombillo led 12voltios 12x13";"10000";"11";"38400";"50400";"1";"0";"105";"led";"3";"57"
"2289";"fosforos refuego x 20";"8647";"1408";"3700";"4500";"1";"1";"117";"refuego";"3";"69"
"2290";"sh hys rosado x12";"9567";"427";"8500";"11500";"1";"1";"115";"pyh";"3";"67"
"2291";"sh hys azul x12";"9213";"690";"8500";"11500";"1";"1";"115";"pyh";"3";"67"
"2292";"sh hys coco x12";"10000";"100";"6800";"8500";"1";"0";"115";"pyh";"3";"67"
"2293";"sh Pantene restauración x12";"9470";"492";"8500";"11500";"1";"1";"115";"pyh";"3";"67"
"2294";"ac pantene x12";"9776";"257";"8500";"10000";"1";"0";"115";"pyh";"3";"67"
"2295";"cp pantene x12";"10000";"3";"6800";"8500";"1";"0";"115";"pyh";"3";"67"
"2296";"sh dove x 12";"9269";"795";"6800";"10100";"1";"0";"126";"unilever";"3";"78"
"2297";"sh dove anticaspa x 12";"9952";"290";"6800";"10100";"1";"0";"126";"unilever";"3";"78"
"2298";"ac dove  x 12";"9608";"389";"6800";"10100";"1";"0";"126";"unilever";"3";"78"
"2299";"sedal sh keratina x20";"20000";"55";"9500";"11900";"1";"0";"126";"unilever";"3";"78"
"2300";"sedal sh ceramidas  x20";"110000";"3";"9000";"11900";"1";"0";"126";"unilever";"3";"78"
"2301";"sedal sh 2 en 1 x12";"9834";"165";"6800";"10100";"1";"0";"126";"unilever";"3";"78"
"2302";"sedal cp keratina x20";"10000";"1";"9000";"11900";"1";"0";"126";"unilever";"3";"78"
"2303";"sedal ac keratina x20";"10000";"19";"9500";"11900";"1";"0";"126";"unilever";"3";"78"
"2304";"sedal ac ceramidas  x20";"10000";"1";"9500";"11900";"1";"0";"126";"unilever";"3";"78"
"2305";"sedal  crema peinar rizos x 12";"9131";"478";"6800";"10100";"1";"1";"126";"unilever";"3";"78"
"2306";"konzil shampo todo tipo x18";"9954";"139";"11500";"14500";"1";"1";"121";"schwarzkopf";"3";"73"
"2307";"konzil acondicionador todo tipo x18";"9973";"92";"11500";"14500";"1";"1";"121";"schwarzkopf";"3";"73"
"2308";"konzil crema de peinar todo tipo x18";"9975";"93";"11500";"14500";"1";"1";"121";"schwarzkopf";"3";"73"
"2309";"konzil shampo oleo coco x18";"10000";"0";"11500";"14500";"1";"0";"121";"schwarzkopf";"3";"73"
"2310";"konzil crema de peinar rizos x18";"9958";"117";"11500";"14500";"1";"1";"121";"schwarzkopf";"3";"73"
"2311";"savital sh colageno x20";"9960";"181";"10500";"16900";"1";"0";"126";"unilever";"3";"78"
"2312";"savital sh multivitaminas x20";"9716";"410";"14000";"20200";"1";"1";"126";"unilever";"3";"78"
"2313";"lavaloza liquido limpiaya 500ml";"6612";"2159";"2378";"3000";"1";"1";"98";"eterna ";"3";"50"
"2314";"lavaloza crema limpiaya 450ml";"8619";"697";"2475";"3200";"1";"1";"98";"eterna ";"3";"50"
"2315";"lavaloza liquido limpiaya 500ml 12x13";"9982";"11";"28500";"36000";"1";"1";"98";"eterna ";"3";"50"
"2316";"lavaloza crema limpiaya 450ml 12x13";"9995";"0";"29700";"38400";"1";"1";"98";"eterna ";"3";"50"
"2317";"detergente liquido limpiaya 1000ml";"8893";"391";"5140";"6500";"1";"1";"98";"eterna ";"3";"50"
"2318";"detergente liquido limpiaya 2000ml";"9597";"233";"9369";"11800";"1";"1";"98";"eterna ";"3";"50"
"2319";"suavisante liquido limpiaya 1000ml";"9843";"140";"3728";"5500";"1";"1";"98";"eterna ";"3";"50"
"2320";"suavisante liquido limpiaya 2000ml";"9917";"104";"6641";"8300";"1";"1";"98";"eterna ";"3";"50"
"2321";"detergente limpiaya x 1000ml 12x13";"9993";"120";"61680";"78000";"1";"1";"98";"eterna ";"3";"50"
"2322";"desengrasante limpiaya 500ml 12x13";"9994";"0";"31200";"39000";"1";"1";"98";"eterna ";"3";"50"
"2323";"desengrasante limpiaya  500ml";"7353";"856";"2600";"3250";"1";"1";"98";"eterna ";"3";"50"
"2324";"detergente limpiaya x2000ml 12x13";"9989";"65";"9369";"141600";"1";"1";"98";"eterna ";"3";"50"
"2325";"limpiavidrios limpiaya 500ml 12x13";"9991";"0";"31200";"39000";"1";"1";"98";"eterna ";"3";"50"
"2326";"limpavidrios limpiaya 500ml";"8499";"395";"2600";"3250";"1";"1";"98";"eterna ";"3";"50"
"2327";"limpiador con bicarbonato 1000ml";"9796";"319";"2962";"3700";"1";"1";"98";"eterna ";"3";"50"
"2328";"limpiador con bicarbonato 1000ml 12x13";"10000";"0";"35544";"44400";"1";"1";"98";"eterna ";"3";"50"
"2329";"multiusos canela limpiaya 500ml";"9906";"109";"1841";"2300";"1";"1";"98";"eterna ";"3";"50"
"2330";"multiusos lavanda limpiaya x500ml";"9916";"105";"1841";"2300";"1";"1";"98";"eterna ";"3";"50"
"2331";"multiusos floral limpiaya 500ml";"9888";"110";"1841";"2300";"1";"1";"98";"eterna ";"3";"50"
"2332";"multiusos limpiaya 500ml 12x13";"10000";"1";"22152";"27600";"1";"1";"98";"eterna ";"3";"50"
"2333";"suavisante  limpiaya x 1000ml 12x13";"9977";"18";"44736";"66000";"1";"1";"98";"eterna ";"3";"50"
"2334";"trapero ref.500blanco";"8302";"1375";"4950";"6200";"1";"1";"81";;"3";"33"
"2335";"trapero ref.500bicolor";"9003";"516";"4950";"6200";"1";"1";"81";"1A";"3";"33"
"2336";"trapero ref.800blanco";"7474";"1880";"5533";"6900";"1";"1";"81";"1A";"3";"33"
"2337";"trapero ref.800bicolor";"8222";"798";"5533";"6900";"1";"1";"81";"1A";"3";"33"
"2338";"trapero ref.1000blanco eko";"8054";"1486";"6533";"8200";"1";"1";"81";"1A";"3";"33"
"2339";"trapero ref.1000bicolor eko";"8849";"660";"6533";"8200";"1";"1";"81";"1A";"3";"33"
"2340";"escoba super danna";"8440";"1135";"7283";"9000";"1";"1";"81";"1A";"3";"33"
"2341";"escoba superior suave";"7707";"1596";"4783";"5950";"1";"1";"81";"1A";"3";"33"
"2342";"escoba superior dura";"9039";"638";"4783";"5950";"1";"1";"81";"1A";"3";"33"
"2343";"escoba italiana suave";"9106";"814";"5783";"7900";"1";"1";"81";"1A";"3";"33"
"2344";"escoba zulia economica suave";"8525";"1247";"3950";"4950";"1";"1";"81";"1A";"3";"33"
"2345";"escoba zulia economica dura";"9401";"476";"3950";"4950";"1";"1";"81";"1A";"3";"33"
"2346";"recojedor sin banda";"9610";"310";"2400";"3000";"1";"1";"81";"1A";"3";"33"
"2347";"recojedor con banda";"8276";"942";"2900";"3650";"1";"1";"81";"1A";"3";"33"
"2348";"recojedor banda 1a plus";"9700";"232";"3317";"4150";"1";"1";"81";"1A";"3";"33"
"2349";"cepillo sanitario 1a";"9241";"371";"3500";"4500";"1";"1";"81";"1A";"3";"33"
"2350";"chupas plastica color";"9435";"311";"3417";"4300";"1";"1";"81";"1A";"3";"33"
"2351";"cepillo plancha color eco";"9582";"593";"1800";"2200";"1";"0";"81";"1A";"3";"33"
"2352";"cepillo lavar 1A plancha";"8687";"728";"2167";"2700";"1";"1";"81";"1A";"3";"33"
"2353";"cabo madera 1.20 tapon adaptador";"9639";"162";"1700";"2000";"1";"0";"81";"1A";"3";"33"
"2354";"cepillo piso doble uso";"9666";"176";"4533";"5700";"1";"1";"81";"1A";"3";"33"
"2355";"aparato limpia ventanas";"9749";"86";"4067";"5100";"1";"1";"81";"1A";"3";"33"
"2356";"trapero jumbo ref.1500 blanco";"9920";"70";"12917";"16150";"1";"1";"81";"1A";"3";"33"
"2357";"trapero x1000 plus blanco";"9862";"92";"8033";"10000";"1";"1";"81";"1A";"3";"33"
"2358";"fab 100gramos";"4538";"3856";"1100";"1500";"1";"1";"126";"unilever";"3";"78"
"2359";"fab 225 gr";"4489";"2758";"2000";"2750";"1";"1";"126";"unilever";"3";"78"
"2360";"fab 450gramos";"3624";"4559";"4000";"5050";"1";"1";"126";"unilever";"3";"78"
"2361";"fab 450gr12x13";"9930";"73";"48000";"60600";"1";"1";"126";"unilever";"3";"78"
"2362";"fab liquido doypack x 300ml";"8825";"3";"3900";"4900";"1";"1";"126";"unilever";"3";"78"
"2363";"3D 125gramos";"5179";"3223";"628";"1250";"1";"1";"126";"unilever";"3";"78"
"2364";"3D 250gramos";"5505";"2948";"1879";"2450";"1";"1";"126";"unilever";"3";"78"
"2365";"3D 500gramos";"2164";"3002";"2666";"3700";"1";"1";"126";"unilever";"3";"78"
"2366";"3D x 1000g";"8004";"-42";"5200";"7100";"1";"1";"126";"unilever";"3";"78"
"2367";"3D liquido";"8227";"866";"1700";"2500";"1";"1";"126";"unilever";"3";"78"
"2368";"rey x 6 unidades";"8813";"953";"14650";"17300";"1";"1";"126";"unilever";"3";"78"
"2369";"jabon rey x25";"9718";"84";"61000";"71900";"1";"1";"126";"unilever";"3";"78"
"2370";"guante milenio T.M negro";"9805";"164";"26000";"40000";"1";"1";"104";"latexquim";"3";"56"
"2371";"guante milenio T.M azul";"9940";"70";"26000";"40000";"1";"1";"104";"latexquim";"3";"56"
"2372";"guante color T.7";"9297";"543";"3001";"3800";"1";"1";"104";"latexquim";"3";"56"
"2373";"guante color T.7/2";"8501";"1063";"3001";"3800";"1";"1";"104";"latexquim";"3";"56"
"2374";"guante color T.8";"8542";"1129";"3001";"3800";"1";"1";"104";"latexquim";"3";"56"
"2375";"guante color T.8/2";"9048";"619";"3001";"3800";"1";"1";"104";"latexquim";"3";"56"
"2376";"guante color T.9";"9492";"352";"3001";"3800";"1";"1";"104";"latexquim";"3";"56"
"2377";"guante calibre 25 T.7";"8562";"948";"3300";"3950";"1";"1";"104";"latexquim";"3";"56"
"2378";"guante calibre 25 T.7/2";"6805";"1839";"3300";"3950";"1";"1";"104";"latexquim";"3";"56"
"2379";"guante calibre 25 T.8";"6140";"2009";"3300";"3950";"1";"1";"104";"latexquim";"3";"56"
"2380";"guante calibre 25 T.8/2";"7503";"1256";"3300";"3950";"1";"1";"104";"latexquim";"3";"56"
"2381";"guante calibre 25 T.9";"8675";"792";"3300";"3950";"1";"1";"104";"latexquim";"3";"56"
"2382";"guante calibre 35 T.7";"9889";"68";"4466";"5300";"1";"1";"104";"latexquim";"3";"56"
"2383";"guante calibre 35 T.7/2";"9767";"115";"4466";"5300";"1";"1";"104";"latexquim";"3";"56"
"2384";"guante calibre 35 T.8";"9642";"254";"4466";"5300";"1";"1";"104";"latexquim";"3";"56"
"2385";"guante calibre 35 T.8/2";"9681";"194";"4466";"5300";"1";"1";"104";"latexquim";"3";"56"
"2386";"guante calibre 35 T.9";"9641";"117";"4466";"5300";"1";"1";"104";"latexquim";"3";"56"
"2387";"servilletas rendipel x320 unidad ";"10000";"0";"2000";"2450";"1";"0";"97";"dripers andina";"3";"49"
"2388";"servilletas rendipel x320 unidades  CJX15";"10000";"0";"30000";"36000";"1";"0";"97";"dripers andina ";"3";"49"
"2389";"vaso 5 onz vacan";"991136";"13696";"1666";"2100";"0";"1";"127";"marplast";"3";"79"
"2390";"vaso 5 onz vacan CJX60";"9908";"103";"100000";"120000";"0";"1";"127";"marplast";"3";"79"
"2391";"vaso 7 onz vacan";"87351";"13155";"1666";"2100";"1";"1";"127";"vacan ";"3";"79"
"2392";"vaso 7 onz vacan CJX60";"9966";"44";"100000";"120000";"1";"1";"127";"vacan";"3";"79"
"2393";"vaso 9 onz UNIDAD";"6450";"1543";"2400";"3000";"1";"1";"127";"bbc";"3";"79"
"2394";"vaso 12 onz CJX40";"9067";"1197";"2700";"3400";"1";"1";"127";"bbc";"3";"79"
"2395";"plato ponque CJX24";"2016";"4654";"2230";"2800";"1";"1";"95";"darnel";"3";"47"
"2396";"plato # 23 CJX24";"4725";"3036";"5132";"6400";"1";"1";"95";"darnel";"3";"47"
"2397";"plato # 26 CJX24";"8501";"673";"7041";"8500";"1";"1";"95";"darnel";"3";"47"
"2398";"plato ondo CJX24";"7409";"1240";"5072";"6300";"1";"1";"95";"darnel";"3";"47"
"2399";"vinipel 20 mtrs";"9668";"1811";"1020";"1500";"1";"1";"89";"camiflex";"3";"41"
"2400";"vinipel 20m pague 6 lleve 7";"9581";"71";"6120";"9000";"1";"1";"89";"camiflex";"3";"41"
"2401";"vinipel 50m pague6 lleve 7";"9734";"25";"12000";"18000";"1";"1";"89";"camiflex";"3";"41"
"2402";"vinipel 50 mtrs";"9771";"857";"2200";"3000";"1";"1";"89";"camiflex";"3";"41"
"2403";"vinipel 100 mtrs";"9303";"479";"3600";"4700";"1";"1";"89";"camiflex";"3";"41"
"2404";"vinipel 300 mtrs";"9755";"236";"9500";"11900";"1";"1";"89";"camiflex";"3";"41"
"2405";"vinipel 500 mtrs";"9562";"263";"13500";"18000";"1";"1";"89";"camiflex";"3";"41"
"2406";"vinipel 1500mtrs";"9952";"24";"55000";"68000";"1";"1";"89";"camiflex";"3";"41"
"2407";"pp pincho 25cmtrs";"9506";"239";"1900";"2300";"1";"1";"122";"sol";"3";"74"
"2408";"palillos 180 x12";"9675";"186";"5750";"7500";"1";"1";"122";"sol";"3";"74"
"2409";"palillos hamburguesas";"9892";"50";"11200";"14000";"1";"1";"122";"sol";"3";"74"
"2410";"aluminio 7 mtrs";"9249";"3945";"1650";"2500";"1";"1";"90";"champion";"3";"42"
"2411";"aluminio 16 mtrs";"9034";"930";"3300";"4500";"1";"1";"90";"champion";"3";"42"
"2412";"aluminio 40 mtrs";"9576";"251";"7500";"10000";"1";"1";"90";"champion";"3";"42"
"2413";"mezclador plastico x30";"9937";"130";"17000";"22000";"1";"0";"113";"plastico";"3";"65"
"2414";"mezclador plastico  unidad";"9564";"1201";"700";"800";"1";"0";"113";"plastico";"3";"65"
"2415";"mezclador madera x500";"7730";"283";"3400";"4500";"1";"1";"106";"madera";"3";"58"
"2416";"guante manipulacion";"7402";"1833";"2015";"2500";"1";"1";"114";"plastifamilia ";"3";"66"
"2417";"copa aguardientera ";"10000";"262";"1135";"1300";"1";"0";"93";"conchita ";"3";"45"
"2418";"vinipel 300 mtrs negro";"10000";"20";"8250";"14000";"1";"0";"89";"camiflex";"3";"41"
"2419";"cuchara pequeña x20";"8095";"1320";"850";"1000";"1";"1";"94";"cudecool";"3";"46"
"2420";"cuchara grande  x20";"7290";"1815";"1100";"1400";"1";"1";"94";"cudecool";"3";"46"
"2421";"tenedor pequeño x20";"8681";"636";"850";"1000";"1";"1";"94";"cudecool";"3";"46"
"2422";"tenedor grande x20";"7940";"1383";"1100";"1400";"1";"1";"94";"cudecool";"3";"46"
"2423";"cuchillo grande x20";"9751";"157";"1040";"1300";"1";"1";"94";"cudecool";"3";"46"
"2424";"tenedor grande x100";"9618";"479";"3800";"4800";"1";"1";"94";"cudecool";"3";"46"
"2425";"cuchara grande  x100";"9380";"498";"3800";"4800";"1";"1";"94";"cudecool";"3";"46"
"2426";"cuchillo grande x100";"9899";"176";"3000";"4200";"1";"1";"94";"cudecool";"3";"46"
"2427";"aromatica salamanca maracuya x25 sobres  x12";"8847";"1236";"3583";"4500";"1";"1";"119";NULL;"3";"71"
"2428";"aromatica salamanca maracuyá  x12";"9961";"73";"43000";"52000";"1";"1";"119";NULL;"3";"71"
"2429";"super bonder x12";"10000";"26";"6000";"9000";"0";"0";"128";NULL;"3";"80"
"2430";"cherry Betun x 12 unidades negro";"10000";"26";"10500";"13200";"1";"0";"129";NULL;"3";"81"
"2431";"super bonder x12";"10000";"0";"6000";"9000";"1";"0";"128";NULL;"3";"80"
"2432";"Super bonder original";"9266";"341";"3333";"4100";"1";"1";"128";NULL;"3";"80"
"2433";"Pegante Macao x12unidades";"8533";"648";"7500";"10800";"1";"1";"130";NULL;"3";"82"
"2434";"Encendedor vin x 25  piedra gr 1unidad";"9792";"218";"11000";"16000";"1";"1";"130";NULL;"3";"82"
"2435";"Almendras ítalo pequeñas";"10000";"161";"1600";"1900";"1";"0";"131";NULL;"3";"83"
"2436";"jabón puro X unidad";"10000";"0";"600";"800";"1";"0";"132";NULL;"3";"84"
"2437";"jabón puro x25";"10000";"0";"15000";"20000";"1";"0";"132";NULL;"3";"84"
"2438";"Frunas x 32 unidades";"10000";"0";"3600";"4300";"1";"0";"84";NULL;"3";"36"
"2439";"Blance clinical x20 hombre";"10000";"0";"8050";"10200";"1";"0";"135";NULL;"3";"87"
"2440";"Balance clinical gel  mujer";"10000";"22";"8900";"11000";"1";"0";"135";NULL;"3";"87"
"2441";"Balance clinical crema mujer";"9999";"123";"10500";"16600";"1";"0";"135";NULL;"3";"87"
"2442";"Balance clinical crema hombre";"10000";"126";"10500";"16600";"1";"0";"135";NULL;"3";"87"
"2443";"Cepillo dental happy tooth x  12 adulto";"9992";"154";"9000";"15000";"1";"0";"133";NULL;"3";"85"
"2444";"Cepillo dental happy tooth x  12 adulto";"10000";"154";"9000";"15000";"1";"0";"134";NULL;"3";"85"
"2445";"Cepillo dental happy tooth x  12 adulto";"9924";"153";"9000";"15000";"1";"0";"133";NULL;"3";"86"
"2446";"Cepillo dental happy tooth x  12 adulto";"10000";"154";"9000";"15000";"1";"0";"134";NULL;"3";"86"
"2447";"Cepillo dental happy tooth x12 niño";"9993";"25";"9000";"15000";"1";"0";"133";NULL;"3";"85"
"2448";"Cepillo dental happy tooth x12 niño";"10000";"25";"9000";"15000";"1";"0";"134";NULL;"3";"85"
"2449";"Cepillo dental happy tooth x12 niño";"10000";"25";"9000";"15000";"1";"0";"133";NULL;"3";"86"
"2450";"Cepillo dental happy tooth x12 niño";"9998";"25";"9000";"15000";"1";"0";"134";NULL;"3";"86"
"2451";"Gel ego x15 unidades atracción";"8650";"940";"9000";"13800";"1";"1";"126";NULL;"3";"78"
"2452";"Gel ego x15 unidades Xtreme";"9575";"294";"9200";"13800";"1";"1";"126";NULL;"3";"78"
"2453";"Gel ego x15 unidades Alfa";"10000";"0";"9200";"10500";"1";"0";"81";NULL;"3";"33"
"2454";"ibluflash x 8 unidades";"10000";"1";"8800";"11200";"1";"0";"136";"MK";"3";"88"
"2455";"Noxpirin polvo x24 dia";"9980";"12";"47000";"58000";"1";"1";"111";NULL;"3";"63"
"2456";"Noxpirin polvo x24 Noche";"9947";"15";"47000";"58000";"1";"1";"138";NULL;"3";"90"
"2457";"Noxpirin polvo x12 dia";"9938";"14";"23500";"29000";"1";"1";"138";NULL;"3";"90"
"2458";"Noxpirin polvo x12 noche";"9861";"18";"23500";"29000";"1";"1";"138";NULL;"3";"90"
"2459";"Servilletas rendipel  x 300";"7662";"903";"3200";"3600";"1";"1";"139";NULL;"3";"91"
"2460";"Servilletas rendipel caja X15 Unidades";"9437";"274";"45000";"53000";"1";"1";"139";NULL;"3";"91"
"2461";"clover 12 x 14unidades";"10000";"156";"6500";"8700";"1";"0";"108";NULL;"3";"60"
"2462";"Veladora # 1 X12 blanca";"9791";"126";"8000";"10800";"1";"1";"137";NULL;"3";"89"
"2463";"Veladora # 1 X12 color";"9836";"99";"8000";"10800";"1";"1";"137";NULL;"3";"89"
"2464";"Veladora #2 x12 Blanca";"10000";"4";"8800";"11000";"1";"0";"137";NULL;"3";"89"
"2465";"Veladora #2 x12 color";"10000";"2";"8800";"11000";"1";"0";"137";NULL;"3";"89"
"2466";"Veladora # 3 X12 blanca";"10000";"5";"11000";"13800";"1";"0";"137";NULL;"3";"89"
"2467";"Veladora # 3 X12 Color";"10000";"10";"11000";"13800";"1";"0";"137";NULL;"3";"89"
"2468";"Veladora # 4 X12 blanca";"9648";"168";"21500";"26850";"1";"1";"137";NULL;"3";"89"
"2469";"Veladora # 4 X12 Color";"9795";"123";"21500";"26850";"1";"1";"137";NULL;"3";"89"
"2470";"Veladora # 5 X12 blanca";"10000";"2";"20600";"25800";"1";"0";"137";NULL;"3";"89"
"2471";"Veladora # 5 X12 color";"10000";"6";"20600";"25800";"1";"0";"137";NULL;"3";"89"
"2472";"Veladora # 6 X12 blanca";"10000";"3";"29000";"36300";"1";"0";"137";NULL;"3";"89"
"2473";"Veladora # 6 X12 color";"10000";"0";"29000";"36300";"1";"0";"137";NULL;"3";"89"
"2474";"VELADORA # 7 X 12 blanca";"10000";"0";"52800";"66000";"1";"0";"137";NULL;"3";"89"
"2475";"Velon # 8 unidad";"10000";"0";"7300";"10000";"1";"0";"137";NULL;"3";"89"
"2476";"escoba automóvil  lavado";"10000";"15";"7100";"8900";"1";"0";"81";NULL;"3";"33"
"2477";"saca agua 1A";"9904";"38";"6200";"7800";"1";"1";"81";NULL;"3";"33"
"2478";"coffedelight x100 CJX18 blando";"9851";"98";"10600";"13500";"1";"1";"92";NULL;"3";"44"
"2479";"Fab 100g 12X13";"9938";"50";"12000";"18000";"1";"1";"126";NULL;"3";"78"
"2480";"Fab 225g 12X13";"9956";"29";"24500";"33000";"1";"1";"126";NULL;"3";"78"
"2481";"copa 1oz vbc";"4079";"2830";"1428";"1800";"1";"1";"127";NULL;"3";"79"
"2482";"Gratis salsa fruko x120 g";"9904";"123";"0";"0";"1";"0";"126";NULL;"3";"78"
"2483";"Vaso 9 0nz cj x 40";"10000";"5";"96000";"112000";"1";"1";"127";NULL;"3";"79"
"2484";"vela decorativa X6 unidades";"10000";"0";"600";"800";"1";"0";"137";NULL;"3";"89"
"2485";"sanpic vainilla 12x13";"10000";"0";"8500";"9600";"1";"1";"91";NULL;"3";"43"
"2486";"protex surtido X6";"9569";"433";"15000";"19800";"1";"1";"91";NULL;"3";"43"
"2487";"protex surtido X12";"9824";"230";"30000";"39600";"1";"1";"91";NULL;"3";"43"
"2488";"Aromática salamanca maracuya";"10000";"0";"1980";"2300";"0";"0";"81";NULL;"3";"33"
"2489";"Encendedor vin x 25  tic tac gr 1 unidad";"9773";"220";"11000";"16000";"1";"1";"130";NULL;"3";"82"
"2490";"Tapabocas blanco X 50 Unidades";"9936";"158";"11250";"11000";"1";"1";"111";NULL;"3";"63"
"2491";"Balance clinical gel  hombre";"10000";"40";"9000";"11000";"1";"0";"138";NULL;"3";"90"
"2492";"guante milenio T.L negro";"9922";"61";"27600";"40000";"1";"1";"104";NULL;"3";"56"
"2493";"jabon big x25 unidades";"10000";"0";"14000";"20000";"1";"0";"81";NULL;"3";"33"
"2494";"JABON BIG X UNIDAD";"10000";"0";"600";"800";"1";"0";"81";NULL;"3";"33"
"2495";"savital  ac multivitaminas x 20";"9603";"286";"14000";"20200";"1";"1";"126";NULL;"3";"78"
"2496";"Pilas AA everredy";"10000";"22";"10125";"12500";"0";"0";"91";NULL;"3";"43"
"2497";"pax surtido  x 12";"9972";"31";"25750";"30500";"0";"1";"111";NULL;"3";"63"
"2498";"creolina";"9988";"41";"1000";"1200";"0";"0";"118";NULL;"3";"70"
"2499";"ibuflash X 12 uni";"9947";"64";"13000";"24000";"0";"1";"111";NULL;"3";"63"
"2500";"aromatica salamanca frutos rojos x 12";"9892";"143";"43000";"52000";"0";"1";"119";NULL;"3";"71"
"2501";"aromáticas limón x12 unidades";"10000";"0";"22";"26400";"0";"0";"119";NULL;"3";"71"
"2502";"aromática limón x12";"10000";"0";"22";"26400";"0";"0";"119";NULL;"3";"71"
"2503";"aromatica salamanca naranja x 12";"9997";"15";"43000";"52000";"0";"1";"119";NULL;"3";"71"
"2504";"aromatica salamanca manzanilla x 12";"9993";"15";"36000";"44000";"0";"0";"119";NULL;"3";"71"
"2505";"aromatica salamanca limon x 12";"9993";"25";"43000";"52000";"0";"1";"119";NULL;"3";"71"
"2506";"colgate x 22ml x12";"9680";"210";"20000";"25100";"0";"1";"91";NULL;"3";"43"
"2507";"vinipel x 200mts vaso";"9728";"100";"4500";"5200";"0";"1";"89";NULL;"3";"41"
"2508";"shampo sedal celulas madre x12";"10000";"55";"5220";"6900";"1";"0";"126";NULL;"3";"78"
"2509";"ac sedal células madre x12";"10000";"16";"4688";"6900";"1";"0";"126";NULL;"3";"78"
"2510";"crema  sedal celulas madre x12";"10000";"27";"4688";"6900";"1";"0";"126";NULL;"3";"78"
"2511";"mezclador  x 500 pagu6 lleve 7";"9993";"81";"16500";"27000";"0";"1";"122";NULL;"3";"74"
"2512";"vaselina pura grande";"9996";"2";"11500";"14500";"1";"1";"111";NULL;"3";"63"
"2513";"savital sh argan x20";"9770";"160";"14000";"20200";"0";"1";"126";NULL;"3";"78"
"2514";"savital sh anticaspa x 20";"9958";"78";"10500";"16900";"0";"0";"126";NULL;"3";"78"
"2515";"Guante calibre 35 talla 10";"9863";"39";"4466";"5300";"0";"1";"104";NULL;"3";"56"
"2516";"Balance normal duo";"10000";"18";"8900";"11000";"0";"0";"91";NULL;"3";"43"
"2517";"aromática salamanca limón x 12";"10000";"0";"22000";"36000";"0";"0";"119";NULL;"3";"71"
"2518";"Pantene tarro pague 1lleve 2";"10000";"0";"10000";"12000";"0";"0";"91";NULL;"3";"43"
"2519";"Tenedor x 100 pequeño";"10000";"0";"1300";"1700";"0";"0";"94";NULL;"3";"46"
"2520";"Distran triple acción";"10000";"0";"14000";"15600";"0";"0";"111";NULL;"3";"63"
"2521";"bloqueador arawak caja x12";"9722";"28";"20000";"25000";"0";"1";"111";NULL;"3";"63"
"2522";"protectores  x 15 nosotras";"9968";"52";"1450";"1800";"0";"1";"99";NULL;"3";"51"
"2523";"copitos pequeños x 12";"10000";"5";"7000";"9000";"0";"0";"91";NULL;"3";"43"
"2524";"aromaticas salamanca mandarina x12";"9996";"11";"36000";"44000";"0";"0";"119";NULL;"3";"71"
"2525";"Halls tubo yerbabuenax12cjx30";"9971";"50";"16375";"19200";"0";"1";"82";NULL;"3";"34"
"2526";"blancox ropa colorx400ml";"10000";"70";"1000";"1300";"0";"0";"91";NULL;"3";"43"
"2527";"buscapina compuesta x15";"9898";"36";"19500";"24500";"0";"1";"111";NULL;"3";"63"
"2528";"buscapina fem x12";"10000";"6";"16500";"19900";"0";"0";"111";NULL;"3";"63"
"2529";"sevedol azul x 24";"9999";"1";"19000";"22000";"0";"0";"111";NULL;"3";"63"
"2530";"pitillos";"10000";"24";"900";"1800";"0";"0";"113";NULL;"3";"65"
"2531";"guante calibre 35 talla 10";"10000";"7";"2787";"3400";"0";"0";"104";NULL;"3";"56"
"2532";"aromatica salamanca yerbabuena x 12";"9996";"13";"43000";"52000";"0";"1";"119";NULL;"3";"71"
"2533";"aromatica salamanca cidron x 12";"9994";"6";"43000";"52000";"0";"1";"119";NULL;"3";"71"
"2534";"esferas frutales x 250 g";"10000";"28";"2000";"2600";"0";"0";"112";NULL;"3";"64"
"2535";"pilas everredy AAA";"10000";"10";"11250";"12500";"0";"1";"88";NULL;"3";"40"
"2536";"protex omega";"9978";"63";"2500";"3300";"0";"1";"91";NULL;"3";"43"
"2537";"buscapina fem x 12";"9867";"48";"16500";"21000";"0";"1";"111";NULL;"3";"63"
"2538";"buscapina compuesta x 15";"10000";"0";"14000";"18000";"0";"0";"111";NULL;"3";"63"
"2539";"blancox naturalx 500ml";"10000";"36";"650";"800";"0";"0";"109";NULL;"3";"61"
"2540";"pebeteros x 6";"10000";"49";"650";"800";"0";"1";"137";NULL;"3";"89"
"2541";"savital cr elixir de romerox20";"9661";"-2";"14000";"20200";"0";"1";"126";NULL;"3";"78"
"2542";"guante milenio T. S negro";"9928";"0";"26000";"40000";"0";"1";"104";NULL;"3";"56"
"2543";"sparkies x 20";"9997";"0";"14168";"21500";"0";"0";"82";NULL;"3";"34"
"2544";"Blancox repuesto natural";"10000";"0";"600";"800";"0";"0";"81";NULL;"3";"33"
"2545";"Aspirina efervecente x 25";"9751";"-2";"17500";"24500";"0";"1";"111";NULL;"3";"63"
"2546";"Aspirina efervescente x 50";"9890";"0";"35000";"49000";"0";"1";"111";NULL;"3";"63"
"2547";"Tapa bocas niño";"9900";"-1";"11000";"11000";"0";"1";"111";NULL;"3";"63"
"2548";"Escoba italiana dura";"9793";"0";"5783";"7900";"0";"1";"81";NULL;"3";"33"
"2549";"Guante nitrilo t. m";"10000";"0";"28000";"48000";"0";"0";"104";NULL;"3";"56"
"2550";"Palmoline x6";"9687";"-5";"1458";"18000";"0";"1";"91";NULL;"3";"43"
"2551";"Palmolive x12";"9966";"0";"29166";"36000";"0";"1";"91";NULL;"3";"43"
"2552";"velonx12 #1 surtido";"10000";"0";"25000";"30000";"0";"0";"120";NULL;"3";"72"
"2553";"velonx12 #2 surtido";"10000";"0";"30000";"36000";"0";"0";"120";NULL;"3";"72"
"2554";"velonx12 #3 surtido";"10000";"0";"35000";"42000";"0";"0";"120";NULL;"3";"72"
"2555";"velonx12 #4 surtido";"10000";"0";"39000";"46800";"0";"0";"120";NULL;"3";"72"
"2556";"velonx12#5 surtido";"10000";"0";"44000";"52800";"0";"0";"120";NULL;"3";"72"
"2557";"Velon x 12 # 1 blanca";"10000";"0";"25000";"30000";"0";"0";"120";NULL;"3";"72"
"2558";"Velonx12 # 2 blanco";"10000";"0";"30000";"36000";"0";"0";"120";NULL;"3";"72"
"2559";"Velonx 12 # 3 blanco";"10000";"0";"35000";"42000";"0";"0";"120";NULL;"3";"72"
"2560";"Velonx12 # 4 blanco";"10000";"0";"39000";"46800";"0";"0";"120";NULL;"3";"72"
"2561";"Velonx12# 5 blanco";"10000";"0";"44000";"52800";"0";"0";"120";NULL;"3";"72"
"2562";"Velon # 6 blanco";"10000";"0";"4333";"5300";"0";"0";"120";NULL;"3";"72"
"2563";"Velon # 6 color";"10000";"0";"4333";"5300";"0";"0";"120";NULL;"3";"72"
"2564";"Velon # 7 color";"10000";"0";"6500";"7900";"0";"0";"120";NULL;"3";"72"
"2565";"Velon #7 blanco";"9539";"-2";"6500";"8100";"0";"1";"120";NULL;"3";"72"
"2566";"Tumix surtido x 100";"9633";"-3";"9050";"11500";"0";"1";"92";NULL;"3";"44"
"2567";"Aspirina efervescente  x 12";"9998";"0";"9000";"11200";"0";"0";"111";NULL;"3";"63"
"2568";"contenedorx20 16 0nz";"9870";"-1";"8580";"10800";"0";"1";"95";NULL;"3";"47"
"2569";"contenedorx20 24 0nz";"9666";"-1";"10500";"13000";"0";"1";"95";NULL;"3";"47"
"2570";"bandeja j-1 x 20";"9314";"-8";"7607";"9500";"0";"1";"95";NULL;"3";"47"
"2571";"Aromatel manzana x 180ml";"6676";"-12";"1200";"1500";"0";"1";"126";NULL;"3";"78"
"2572";"Aromatel floral x 180ml";"5606";"-28";"1200";"1500";"0";"1";"126";NULL;"3";"78"
"2573";"Aromatel manzana x 400ml";"8029";"0";"1813";"2450";"0";"1";"126";NULL;"3";"78"
"2574";"Aromatel floral x 400ml";"7770";"-6";"1813";"2450";"0";"1";"126";NULL;"3";"78"
"2575";"Molde lasaña";"9765";"0";"3966";"4950";"0";"1";"95";NULL;"3";"47"
"2576";"sal de frutas x 26";"9909";"-2";"58000";"74500";"0";"1";"111";NULL;"3";"63"
"2577";"duraflex forte x 8";"10000";"0";"7000";"9000";"0";"0";"111";NULL;"3";"63"
"2578";"noraver noche x8";"10000";"0";"9000";"13000";"0";"0";"111";NULL;"3";"63"
"2579";"savital sh fusion proteinas";"9810";"0";"10950";"16500";"0";"0";"126";NULL;"3";"78"
"2580";"savital ac elixir de romero";"9959";"0";"14000";"20200";"0";"1";"126";NULL;"3";"78"
"2581";"savital cr multivitaminas x 20";"9937";"0";"14000";"20200";"0";"1";"126";NULL;"3";"78"
"2582";"sal de frutas x10";"9963";"-2";"22300";"28700";"0";"0";"111";NULL;"3";"63"
"2583";"Bonfiest x 32";"9838";"-33";"89000";"112000";"0";"1";"111";NULL;"3";"63"
"2584";"bonfiest x16";"9495";"-63";"44500";"56000";"0";"1";"111";NULL;"3";"63"
"2585";"tapabocas negro x 50 unidades";"9732";"-2";"11000";"12000";"0";"1";"111";NULL;"3";"63"
"2586";"Plato pando # 18";"9200";"0";"3025";"3800";"0";"1";"95";NULL;"3";"47"
"2587";"Pañitos húmedos x 15";"10000";"-5";"9000";"1200";"0";"1";"111";NULL;"3";"63"
"2588";"Facturero autocopiante";"10000";"0";"1200";"1500";"0";"0";"89";NULL;"3";"41"
"2589";"Bandeja j-2 x 20";"9554";"-7";"7607";"9500";"0";"1";"95";NULL;"3";"47"
"2590";"Gaviscon x12";"109927";"0";"28500";"34000";"0";"1";"111";NULL;"3";"63"
"2591";"Gel ego ultra intense";"9822";"0";"9000";"13800";"0";"0";"126";NULL;"3";"78"
"2592";"Maggi cgallina dsmzdo x 30";"10000";"0";"10000";"12050";"0";"0";"126";NULL;"3";"78"
"2593";"Maggi cal cst dsmzado x30";"10000";"0";"10000";"12050";"0";"0";"126";NULL;"3";"78"
"2594";"alkaseltzer x 14 unidades";"9993";"0";"8200";"10900";"0";"0";"111";NULL;"3";"63"
"2595";"Trident x 24 yerbabuena";"9978";"0";"18250";"21700";"0";"1";"82";NULL;"3";"34"
"2596";"3D 125g obsequio";"10000";"0";"0";"0";"0";"0";"126";NULL;"3";"78"
"2597";"3D 250g obsequio";"10000";"0";"0";"0";"0";"0";"126";NULL;"3";"78"
"2598";"3D 500g obsequio";"10000";"0";"0";"0";"0";"0";"126";NULL;"3";"78"
"2599";"Guante unidad obsequio";"9998";"0";"0";"0";"0";"0";"104";NULL;"3";"56"
"2600";"Aromatel mandarina x 180ml";"8561";"-6";"1200";"1500";"0";"1";"126";NULL;"3";"78"
"2601";"Aromatel coco x 180ml";"8737";"-3";"1200";"1500";"0";"1";"126";NULL;"3";"78"
"2602";"betun bowy pastax 12 negro";"9918";"-2";"12500";"17000";"0";"1";"88";NULL;"3";"40"
"2603";"betun bowy pastax12 cafe";"9990";"-1";"12500";"17000";"0";"1";"88";NULL;"3";"40"
"2604";"Aromatica salamanca frutos tropical";"10000";"0";"2250";"3100";"0";"0";"119";NULL;"3";"71"
"2605";"Pantene sh colágeno x 12";"9562";"-4";"8500";"11500";"0";"1";"91";NULL;"3";"43"
"2606";"Vinipel x 100mts 6x7";"9973";"0";"21600";"28200";"0";"1";"89";NULL;"3";"41"
"2607";"alcohol industrial x 375ml";"9688";"-3";"2500";"3300";"0";"1";"118";NULL;"3";"70"
"2608";"Escoba zulia  original";"8806";"-36";"5450";"6800";"0";"1";"81";NULL;"3";"33"
"2609";"aromatica salamanca lulo x 12";"9995";"-1";"43000";"52000";"0";"1";"119";NULL;"3";"71"
"2610";"Maizena instantánea x 12";"10000";"0";"0";"15000";"0";"0";"126";NULL;"3";"78"
"2611";"trident x 60 yerbabuenaCJ X 40";"9980";"0";"12327";"14900";"0";"1";"82";NULL;"3";"34"
"2612";"Rexona tubo dama";"9563";"-10";"2736";"3400";"0";"1";"126";NULL;"3";"78"
"2613";"Rexona tubo hombre";"9667";"-6";"2736";"3400";"0";"1";"126";NULL;"3";"78"
"2614";"savital sh multioleos";"9961";"0";"13000";"16500";"0";"0";"126";NULL;"3";"78"
"2615";"lonja bocadillo 12x13";"9803";"-1";"17400";"24000";"0";"1";"92";NULL;"3";"44"
"2616";"guante milenio azul t.s";"9981";"0";"33950";"40000";"0";"1";"104";NULL;"3";"56"
"2617";"guante milenio azul t.l";"9988";"0";"33950";"40000";"0";"1";"104";NULL;"3";"56"
"2618";"Salsa mayonesa fruco x 150g -11x12";"10000";"0";"16500";"20900";"0";"0";"126";NULL;"3";"78"
"2619";"jabon de baño lefragance";"10000";"0";"1541";"1950";"0";"1";"91";NULL;"3";"43"
"2620";"colgate x60 menta  X6";"10000";"0";"15000";"19000";"0";"0";"91";NULL;"3";"43"
"2621";"Traperox1000plus bicolor";"9831";"-2";"8033";"10000";"0";"1";"81";NULL;"3";"33"
"2622";"TraperJumbo ref 1500 bicolor";"9998";"0";"9600";"12000";"0";"0";"81";NULL;"3";"33"
"2623";"trapero jumbo ref.1500 bicolor";"9950";"-1";"12917";"16150";"0";"1";"81";NULL;"3";"33"
"2624";"savital tratamiento elíxir de romerox12";"9851";"-1";"12000";"17000";"0";"1";"126";NULL;"3";"78"
"2625";"Rexona dama y caballero x 20 gratis 2 rexona tubo";"9990";"0";"25000";"41600";"0";"1";"126";NULL;"3";"78"
"2626";"Vaso whau 5 onzas";"9427";"-42";"1750";"2200";"0";"1";"127";NULL;"3";"79"
"2627";"Vaso whau 5 onzas x 60";"9992";"0";"105000";"126000";"0";"1";"127";NULL;"3";"79"
"2628";"suavisante  limpiaya x 2000ml 12x13";"9910";"-27";"79692";"99600";"0";"1";"98";"Escaso";"3";"50"
"2629";"Guante nitrilo azul talla M";"9920";"-2";"16000";"23000";"0";"1";"104";NULL;"3";"56"
"2630";"Guante nitrilo negro talla M";"9742";"-2";"16000";"23000";"0";"1";"104";NULL;"3";"56"
"2631";"Noxpirin sobre nochex 24";"10000";"0";"25000";"30000";"0";"0";"111";NULL;"3";"63"
"2632";"Aromatel x400ml mandarina";"9374";"0";"1813";"2450";"0";"1";"126";NULL;"3";"78"
"2633";"Aromatel x400ml coco";"9426";"0";"1813";"2450";"0";"1";"126";NULL;"3";"78"
"2634";"Dove desodorante x10";"9988";"0";"9600";"10500";"0";"1";"126";NULL;"3";"78"
"2635";"Savital sh hialurónico x20";"9811";"-4";"13000";"16500";"0";"0";"126";NULL;"3";"78"
"2636";"Savital ac hialuronicox20";"9959";"0";"14000";"20200";"0";"1";"126";NULL;"3";"78"
"2637";"Savital  cr argan rizosx20";"9953";"0";"14000";"20200";"0";"1";"126";NULL;"3";"78"
"2638";"Aluminio 300 mts";"9996";"0";"55000";"68000";"0";"1";"89";NULL;"3";"41"
"2639";"Aluminio 7m 6x7";"9116";"-7";"11550";"15000";"0";"1";"90";NULL;"3";"42"
"2640";"Vaso cartón 7 onzas";"5662";"-84";"3250";"4000";"0";"1";"127";NULL;"3";"79"
"2641";"Gelatina estrella bolsa x 20";"9473";"-2";"8300";"11500";"0";"0";"92";NULL;"3";"44"
"2642";"Gelatina Fruit jelly tarro x 55";"9735";"-4";"27500";"32500";"0";"1";"92";NULL;"3";"44"
"2643";"tenedor pequeño x 100";"9960";"0";"2150";"2900";"0";"1";"94";NULL;"3";"46"
"2644";"Guante multipropósito talla7/2";"8960";"-2";"2160";"2600";"0";"1";"104";NULL;"3";"56"
"2645";"Guante multipropósito talla 8";"9012";"-2";"2160";"2600";"0";"1";"104";NULL;"3";"56"
"2646";"Guante multipropósito talla 8/2";"9264";"-2";"2160";"2600";"0";"1";"104";NULL;"3";"56"
"3099";"Obsequio aromatel x180ml";"9833";"-3";"0";"0";"0";"1";"126";NULL;"3";"78"
"3100";"MEZCLADOR ECOLOGICO PLANO*500";"868";"-6";"3450";"4590";"0";"1";"5";NULL;"2";"2"
"3101";"LOKIÑO*100 UND";"71";"-50";"6675";"8364";"0";"1";"3";NULL;"2";"24"
"3102";"Velitas navidad x30";"9932";"-1";"0";"31500";"0";"1";"120";NULL;"3";"72"
"3103";"Elite duo rollazox 24";"9992";"0";"0";"48000";"0";"0";"99";NULL;"3";"51"
"3104";"GUANTE HD NEGRO*25 PARES TL S";"78";"-3";"35000";"44880";"0";"1";"2";NULL;"2";"14"
"3105";"BOMBON BARRILETE*24 UND";"32";"-1";"5520";"8058";"0";"0";"3";NULL;"2";"24"
"3106";"CONDIMENTO COMPLETISIMO*36UND";"908";"-23";"13200";"16104";"0";"1";"7";NULL;"2";"7"
"3107";"ROLLON DR LOOK*10 UND";"979";"-5";"24600";"30192";"0";"1";"3";NULL;"2";"8"
"3108";"JUEGO PLATO Y VASO METALIZADO FC*10";"90";"-10";"4400";"6120";"0";"1";"145";NULL;"2";"2"
"3109";"Vaso cartón 5 onzas";"97534";"-45";"2750";"3600";"0";"1";"127";NULL;"3";"79"
"3110";"VELA ACANALADA*12 UND*22PAQT";"8348";"-29";"3800";"4636";"0";"1";"147";NULL;"2";"15"
"3111";"MAQUINA DORCO DAMA*24 UND";"966";"-3";"12000";"15300";"0";"1";"2";NULL;"2";"14"
"3112";"PIRULITO MANGOS LIMON Y SAL*48UND";"18";"-4";"7300";"8906";"0";"1";"3";NULL;"2";"7"
"3113";"Vaso cartón 9 onzas";"9393";"-1";"4000";"5000";"0";"1";"127";NULL;"3";"79"
"3114";"KATORI PAPEL INSECTICIDA*20 LIBROS";"23";"-4";"15500";"18972";"0";"0";"1";NULL;"2";"14"
"3115";"JERINGA BEGUT *5ML *50UND";"85";"0";"12000";"16320";"0";"1";"4";NULL;"2";"14"
"3116";"Cera ego x 10";"9274";"-4";"1050";"11800";"0";"1";"126";NULL;"3";"78"
"3117";"Vive 100 x 240ml sixpack";"99856";"0";"9000";"7200";"0";"1";"126";NULL;"3";"78"
"3118";"VELA NAVIDEÑA*30 PQT";"60";"-1";"29000";"35496";"0";"1";"7";NULL;"2";"25"
"3119";"GEL EGO TARRO 110ML";"453";"-90";"2490";"3009";"0";"1";"2";NULL;"2";"25"
"3120";"BAJA LENGUAS DE MADERA*20 UND";"40";"0";"1700";"2142";"0";"1";"4";NULL;"2";"14"
"3121";"CLOROX ROPA COLOR*450 ML";"779";"0";"3126";"3825";"0";"1";"1";NULL;"2";"4"
"3122";"PALO PALETA*1000 UND";"60";"-2";"15500";"19380";"0";"1";"11";NULL;"2";"11"
"3123";"Scott rollo x30";"99999";"0";"30000";"37500";"0";"1";"97";NULL;"3";"91"
"3124";"cocacola x 400ml x12";"99970";"0";"12000";"24000";"0";"0";"82";NULL;"3";"34"
"3125";"MOÑO MAGICO GRANDE*3";"28";"-2";"11400";"15708";"0";"1";"145";NULL;"2";"2"
"3126";"PALO Y COPA *100";"91";"-6";"6000";"8262";"0";"1";"145";NULL;"2";"2"
"3127";"CAJA MATYU *3 UND";"34";"-1";"6600";"9180";"0";"1";"145";NULL;"2";"2"
"3128";"JUEGO PLATO Y VASO METALIZ LISO*10";"30";"0";"4400";"6120";"0";"1";"145";NULL;"2";"2"
"3129";"FRUTIÑO SURTIDO*20 UND";"475";"-9";"16700";"20400";"0";"1";"7";NULL;"2";"25"
"3130";"alcohol industrial x 700ml botella";"999892";"-4";"5000";"6600";"0";"1";"118";NULL;"3";"70"
"3131";"pitillos plasticos x200 unidades";"9999948";"0";"4500";"5700";"0";"1";"107";NULL;"3";"59"
"3132";"MIELTERTOS NOCHE*6UND";"19014";"-17";"10000";"12240";"0";"1";"4";NULL;"2";"15"
"3133";"MIELTERTOS DIA*6 UND";"936";"-5";"10000";"12240";"0";"1";"4";NULL;"2";"15"
"3134";"MIELTERTOS MASTICABLE*12SOBR*4 PAST";"39";"-2";"19500";"23868";"0";"1";"4";NULL;"2";"15"
"3135";"NOSOTRAS NOCTURNA *4 UND";"36";"-3";"2700";"3350";"0";"1";"2";NULL;"2";"12"
"3136";"Jabón de barra líquido x1000ml";"999976";"-2";"4322";"5500";"0";"0";"98";NULL;"3";"50"
"3137";"PAPEL ELITE MAX RESIST*30 UND";"82";"-5";"31500";"38556";"0";"1";"1";NULL;"2";"18"
"3138";"tomate fruco x 400g";"9974";"0";"5916";"8500";"0";"0";"126";NULL;"3";"78"
"3139";"mayonesa fruco x 380g";"9985";"0";"6164";"8800";"0";"0";"126";NULL;"3";"78"
"3140";"CURAS PARA NIÑOS *90 UND";"93";"-2";"9000";"10980";"0";"1";"4";NULL;"2";"14"
"3141";"Gratis 2 sobres tratamiento Dove";"99991";"0";"0";"0";"0";"0";"126";NULL;"3";"78"
"3142";"CAJA VASO 7 VACAN TRANS *60UND";"43";"-1";"102000";"124440";"0";"1";"5";NULL;"2";"2"
"3143";"PAÑALES PARA PISCINA NIÑO*10 UND";"91";"-2";"32000";"38760";"0";"1";"2";NULL;"2";"15"
"3144";"Cuchara pequeña x100";"99840";"0";"1800";"2800";"0";"1";"90";NULL;"3";"42"
"3145";"BIG BEN CLASICO *100UND";"82";"-4";"12371";"15249";"0";"1";"3";"Escaso";"2";"24"
"3146";"MICROPUNTA PELIKAN*10 UND";"49";"-1";"10600";"13260";"0";"1";"11";NULL;"2";"11"
"3147";"MICROPUNTA OFIES NEG*10UND";"67";"-5";"7200";"9588";"0";"1";"11";NULL;"2";"11"
"3148";"CINTA PARA DISPENS TRSP1/2 PULG*12";"989";"-2";"7500";"10098";"0";"1";"11";NULL;"2";"11"
"3149";"AROMATEL FLORAL*400ML";"9065";"-6";"1933";"2448";"0";"1";"1";NULL;"2";"25"
"3150";"AROMATEL MANZANA *400ML";"9522";"-4";"1900";"2448";"0";"1";"1";NULL;"2";"25"
"3151";"AROMATEL MANDARINA *400ML";"74";"0";"2640";"3264";"0";"1";"1";NULL;"2";"25"
"3152";"Matrix pague 6 lleve 7";"999887";"-4";"0";"47400";"0";"1";"109";NULL;"3";"61"
"3153";"CAJA VASO 9 TRASP WAU!*50 PQT";"99";"0";"172500";"210450";"0";"1";"5";NULL;"2";"2"
"3154";"CAJA VASO 10 WAU!*50PQT";"0";"0";"192500";"234850";"0";"1";"5";NULL;"2";"2"
"3155";"BOLIGRAFO GEL PUNTA FINA*12UND";"73";"0";"5000";"6324";"0";"1";"11";NULL;"2";"11"
"3156";"Guante nitrilo azul talla S";"9997";"0";"16000";"23000";"0";"1";"104";NULL;"3";"56"
"3157";"Guante nitrilo azul talla L";"9999965";"-1";"16000";"23000";"0";"1";"104";NULL;"3";"56"
"3158";"Guante nitrilo negro talla S";"99941";"0";"16000";"23000";"0";"1";"104";NULL;"3";"56"
"3159";"Guante nitrilo negro talla L";"9869";"0";"16000";"23000";"0";"1";"104";NULL;"3";"56"
"3160";"3d x 500 g 12 lleve 13";"99990";"0";"45900";"52800";"0";"0";"126";NULL;"3";"78"
"3161";"vaso 5 onz vacan 30 unidades";"99914";"-1";"50000";"60000";"0";"1";"127";NULL;"3";"79"
"3162";"vaso 7 onz vacan x30 unidades";"99964";"0";"50000";"60000";"0";"1";"127";NULL;"3";"79"
"3163";"Oro plata y sabra gratis golx6";"99987";"0";"13500";"18300";"0";"1";"109";NULL;"3";"61"
"3164";"macao tictac y piedra gratis super blue";"999861";"-5";"17000";"32000";"0";"0";"130";NULL;"3";"82"
"3165";"pantene sh equilibrio x12";"99943";"-1";"8500";"10000";"0";"0";"115";NULL;"3";"67"
"3166";"TAPA COPA SALSAS 1 1/2*100 UND";"72";"-1";"4700";"5763";"0";"1";"5";NULL;"2";"2"
"3167";"ALUMINIO 100 MTS UND";"3";"-2";"20200";"28560";"0";"1";"5";NULL;"2";"22"
"3168";"GUANTE CALIBRE 25*6 PQT";"540";"-63";"19350";"23868";"0";"1";"1";NULL;"2";"25"
"3169";"fab 700 gr";"999208";"-5";"6800";"7900";"0";"1";"126";NULL;"3";"78"
"3170";"VELA VOLCAN*6";"852";"-24";"4500";"6120";"0";"1";"145";NULL;"2";"2"
"3171";"BOMBA R12 *100 SURT";"448";"-31";"10000";"13770";"0";"1";"145";NULL;"2";"2"
"3172";"BOMBA R12 SURT*25UND";"41";"-44";"2500";"3876";"0";"1";"145";NULL;"2";"2"
"3173";"BOMBA FC*100 COLORES";"99";"-2";"13000";"19278";"0";"1";"145";NULL;"2";"2"
"3174";"VELA DEGRADE FC*3 SURT";"70";"0";"7500";"10404";"0";"0";"145";NULL;"2";"2"
"3175";"VELA BOTELLA SURT*3";"3";"-3";"3900";"5508";"0";"1";"145";NULL;"2";"2"
"3176";"BANNER PAPEL SURT*5UND";"3";"-4";"6000";"8262";"0";"1";"145";NULL;"2";"2"
"3177";"VELA PARAFINADA ESCARCHADA*3";"142";"-3";"4500";"6426";"0";"1";"145";NULL;"2";"2"
"3178";"CORTINA VARIEDAD COLOR*6";"56";"-6";"9000";"12546";"0";"1";"145";NULL;"2";"2"
"3179";"CONFETI COLORES*6";"96";"-5";"2400";"3366";"0";"1";"145";NULL;"2";"2"
"3180";"ESPUMA FIESTA UND";"16";"-5";"4800";"6630";"0";"1";"145";NULL;"2";"2"
"3181";"BOMBA R6 SURT *200";"280";"-1";"8000";"11016";"0";"1";"145";NULL;"2";"2"
"3182";"DIADEMA METAL ESCARCH*6";"87";"0";"5000";"6885";"0";"1";"145";NULL;"2";"2"
"3183";"SET MARIPOSAS *12";"919";"-9";"2700";"3723";"0";"1";"145";NULL;"2";"2"
"3184";"MANTEL METAL FC SURT*3";"27";"-3";"9000";"12546";"0";"1";"145";NULL;"2";"2"
"3185";"VELA TORNILLO PASTEL*3";"23";"-1";"3000";"4131";"0";"1";"145";NULL;"2";"2"
"3186";"BOMBA CRISTAL FD*100";"88";"0";"12000";"16524";"0";"0";"145";NULL;"2";"2"
"3187";"BOMBA CRISTAL FC*100";"94";"0";"15000";"20655";"0";"1";"145";NULL;"2";"2"
"3188";"PEGATINA PARA GLOBOS*6";"79";"0";"4800";"6732";"0";"1";"145";NULL;"2";"2"
"3189";"PAPEL REGA HOLOG*36";"68";"-1";"12600";"17391";"0";"0";"145";NULL;"2";"2"
"3190";"BICARBONATO KILO*UND";"88";"0";"5000";"6324";"0";"1";"7";NULL;"2";"100"
"3191";"PAPEL PICADO*6";"68";"-1";"2500";"3366";"0";"1";"145";NULL;"2";"2"
"3192";"VELA PORCELAN CARITAS*3";"47";"-4";"3600";"5049";"0";"0";"145";NULL;"2";"2"
"3193";"VELA PORCELAN EMOJI*3";"79";"0";"3600";"5049";"0";"0";"145";NULL;"2";"2"
"3194";"VELA PORCELAN ANIMAL*3";"71";"-4";"3600";"5049";"0";"1";"145";NULL;"2";"2"
"3195";"TOPPER PARED*48CM UND";"89";"-2";"4000";"5508";"0";"1";"145";NULL;"2";"2"
"3196";"NUMERO 0 GLOBO *16&quot; UND";"3";"-7";"600";"867";"0";"1";"145";NULL;"2";"2"
"3197";"NUMERO 1 GLOBO *16&quot; UND";"809";"-15";"600";"867";"0";"1";"145";NULL;"2";"2"
"3198";"NUMERO 2 GLOBO *16&quot; UND";"36";"-12";"600";"867";"0";"1";"145";NULL;"2";"2"
"3199";"NUMERO 3 GLOBO *16&quot; UND";"996";"-13";"600";"867";"0";"1";"145";NULL;"2";"2"
"3200";"NUMERO 4 GLOBO *16&quot; UND";"60";"-10";"600";"867";"0";"1";"145";NULL;"2";"2"
"3201";"NUMERO 1 GLOBO 32&quot;UND";"61";"-22";"1300";"1836";"0";"1";"145";NULL;"2";"2"
"3202";"NUMERO 5 GLOBO *16&quot; UND";"5";"-13";"600";"867";"0";"1";"145";NULL;"2";"2"
"3203";"NUMERO 6 GLOBO *16&quot; UND";"39";"-15";"600";"867";"0";"1";"145";NULL;"2";"2"
"3204";"NUMERO 2 GLOBO 32&quot;UND";"4";"-2";"1300";"1836";"0";"1";"145";NULL;"2";"2"
"3205";"NUMERO 3 GLOBO 32&quot;UND";"29";"-2";"1300";"1836";"0";"1";"145";NULL;"2";"2"
"3206";"NUMERO 7 GLOBO *16&quot; UND";"73";"-8";"600";"867";"0";"1";"145";NULL;"2";"2"
"3207";"NUMERO 4 GLOBO 32&quot;UND";"33";"-1";"1300";"1836";"0";"1";"145";NULL;"2";"2"
"3208";"NUMERO 8 GLOBO *16&quot; UND";"955";"-8";"600";"867";"0";"1";"145";NULL;"2";"2"
"3209";"NUMERO 5 GLOBO 32&quot;UND";"9";"-2";"1300";"1836";"0";"1";"145";NULL;"2";"2"
"3210";"NUMERO 9 GLOBO *16&quot; UND";"962";"-8";"600";"867";"0";"1";"145";NULL;"2";"2"
"3211";"NUMERO 6 GLOBO 32&quot;UND";"38";"-2";"1300";"1836";"0";"1";"145";NULL;"2";"2"
"3212";"NUMERO 7 GLOBO 32&quot;UND";"51";"-3";"1300";"1836";"0";"1";"145";NULL;"2";"2"
"3213";"NUMERO 8 GLOBO 32&quot;UND";"32";"-1";"1300";"1836";"0";"1";"145";NULL;"2";"2"
"3214";"NUMERO 9 GLOBO 32&quot;UND";"40";"-2";"1300";"1836";"0";"1";"145";NULL;"2";"2"
"3215";"NUMERO 0 GLOBO 32&quot;UND";"54";"0";"1300";"1836";"0";"1";"145";NULL;"2";"2"
"3216";"LETRERO GLOBO BABYSHNIÑA UND";"92";"0";"3200";"4488";"0";"1";"145";NULL;"2";"2"
"3217";"LETRERO GLOBO BABYSHNIÑO UND";"93";"0";"3200";"4488";"0";"1";"145";NULL;"2";"2"
"3218";"BOUQUET PERSONAJES*3 UND SURT";"50";"-2";"12000";"16626";"0";"1";"145";NULL;"2";"2"
"3219";"GLOBO BURBUJA 10&quot;*12UND";"86";"-1";"4200";"6120";"0";"1";"145";NULL;"2";"2"
"3220";"GLOBO BURBUJA 18&quot;*12UND";"78";"0";"7200";"10404";"0";"1";"145";NULL;"2";"2"
"3221";"GLOBO BURBUJA 24&quot;*12UND";"194";"0";"8400";"11628";"0";"1";"145";NULL;"2";"3"
"3222";"PALO Y COPA BURBUJA*50";"96";"0";"25000";"34425";"0";"1";"145";NULL;"2";"2"
"3223";"XRAY DOL *24 UND";"89";"-1";"30000";"36600";"0";"1";"4";NULL;"2";"15"
"3224";"GLOBO ANIMALES*6 SURT";"96";"0";"6000";"8262";"0";"1";"145";NULL;"2";"2"
"3225";"ESPUMA GRANDE";"49";"0";"6500";"8976";"0";"1";"145";NULL;"2";"2"
"3226";"PALO HELADO*1000";"56";"-1";"12500";"16014";"0";"1";"11";NULL;"2";"11"
"3227";"CRISPETERA ESCARCHADA*12";"74";"-1";"9700";"13464";"0";"1";"145";NULL;"2";"2"
"3228";"BOMBA PASTEL*100";"73";"-1";"9000";"12393";"0";"0";"145";NULL;"2";"2"
"3229";"CHICLE SPLOT TATTOO*120UND";"993";"-1";"12936";"16116";"0";"1";"3";NULL;"2";"7"
"3230";"MOÑO MAGICO MEDIANO*3";"17";"-3";"6600";"9180";"0";"1";"145";NULL;"2";"2"
"3231";"BOMBA TE AMO *100";"95";"0";"14000";"19278";"0";"1";"145";NULL;"2";"2"
"3232";"BOMBA MATE R 18*10UND";"81";"0";"4000";"5508";"0";"1";"145";NULL;"2";"2"
"3233";"CONFETI DE MESA*6 UND";"91";"0";"6000";"8262";"0";"1";"145";NULL;"2";"2"
"3234";"BANDERIN DESAYUNO*6 UND SURT";"87";"-2";"7200";"10098";"0";"1";"145";NULL;"2";"2"
"3235";"BICARBONATO REY 55GR*12";"34";"-4";"6500";"7956";"0";"1";"7";NULL;"2";"100"
"3236";"FESTON ESCARCHADO FC *3";"70";"-4";"6000";"8262";"0";"1";"145";NULL;"2";"2"
"3237";"GLOBO MENSAJE GRANDE*12UND";"40";"-2";"7200";"10404";"0";"1";"145";NULL;"2";"2"
"3238";"SERPENTINA *6 SURT";"772";"-27";"5400";"7650";"0";"1";"145";NULL;"2";"2"
"3239";"CUADERNILLO TARJETA SURT*100";"24";"-1";"3500";"4845";"0";"1";"145";NULL;"2";"2"
"3240";"ESPIRALES CUMPLEAÑOS *4UND";"94";"0";"4500";"6222";"0";"1";"145";NULL;"2";"2"
"3241";"CORTINA CRESPA MULTICOLOR UND";"8";"-8";"2400";"3315";"0";"1";"145";NULL;"2";"2"
"3242";"CORTINA ESPEJO UND";"601";"-33";"2000";"2754";"0";"1";"145";NULL;"2";"2"
"3243";"CORTINA DEGRADE UND";"56";"-3";"2400";"3315";"0";"1";"145";NULL;"2";"2"
"3244";"CORTINA REVELACION UND";"80";"0";"2400";"3315";"0";"1";"145";NULL;"2";"2"
"3245";"ESTRELLA AGATHA*6";"96";"0";"3000";"4284";"0";"1";"145";NULL;"2";"2"
"3246";"CORAZON AGATHA*6";"93";"0";"3000";"4284";"0";"1";"145";NULL;"2";"2"
"3247";"LETRERO GLOBO FC UND";"85";"0";"4500";"6222";"0";"1";"145";NULL;"2";"2"
"3248";"FESTON FELIZ DIA CURSIVO*3";"85";"0";"5700";"7854";"0";"0";"145";NULL;"2";"2"
"3249";"POLVO TORNASOL*8";"92";"0";"9600";"13260";"0";"1";"145";NULL;"2";"2"
"3250";"CORTINA CORAZON*3";"62";"0";"7200";"9996";"0";"1";"145";NULL;"2";"2"
"3251";"VELA CORAZON*3 UND";"52";"-1";"3000";"4131";"0";"1";"145";NULL;"2";"2"
"3252";"VELA ESTRELLA*3 UND";"44";"0";"3000";"4131";"0";"1";"145";NULL;"2";"2"
"3253";"VELA METALIZADA*10 *3";"38";"-2";"3000";"4131";"0";"1";"145";NULL;"2";"2"
"3254";"BOUQUET 9 PCS*3 SURT";"71";"-2";"9000";"13056";"0";"1";"145";NULL;"2";"2"
"3255";"BOUQUET 14 PCS*3UND SURT";"87";"-1";"12600";"17442";"0";"1";"145";NULL;"2";"2"
"3256";"LLUVIA DE SOBRES PQT*12";"18";"-21";"3500";"4845";"0";"1";"145";NULL;"2";"2"
"3257";"GLOBO PERSONAJES GRANDE*3UND SURT";"79";"-1";"3600";"5202";"0";"1";"145";NULL;"2";"2"
"3258";"SUPER HEROE 4D*UND";"93";"0";"7500";"10353";"0";"1";"145";NULL;"2";"2"
"3259";"MOÑO MAGICO PEQ*3";"24";"-3";"3000";"4131";"0";"1";"145";NULL;"2";"2"
"3260";"MANTEL METALIZADO*3 UND";"39";"-8";"6000";"8262";"0";"1";"145";NULL;"2";"2"
"3261";"FESTON COLORES*3 UND";"90";"0";"4500";"6273";"0";"1";"145";NULL;"2";"2"
"3262";"BOMBA CROMADA R12*50";"1";"-2";"9500";"13107";"0";"1";"145";NULL;"2";"2"
"3263";"GLOBO MENSAJE MINI 6&quot; *12";"54";"-3";"3600";"4896";"0";"1";"145";NULL;"2";"2"
"3264";"CAJA ACEITE LIROSOYA *1000GR *12";"90";"-2";"83000";"101260";"0";"1";"9";NULL;"2";"16"
"3265";"BANDA ESCARCHADA FC *3";"82";"0";"8100";"11169";"0";"1";"145";NULL;"2";"2"
"3266";"TRULULU MAX*100G*12 SURT";"905";"-21";"25632";"30490";"0";"1";"3";NULL;"2";"24"
"3267";"BANDERIN FC LETRA METALIZ*3 UND";"79";"-3";"6000";"8262";"0";"1";"145";NULL;"2";"2"
"3268";"FESTON HOLOGRA*3 UND";"54";"0";"6000";"8262";"0";"1";"145";NULL;"2";"2"
"3269";"CONFETI METALIZADO*6 SURT";"92";"0";"6000";"8262";"0";"1";"145";NULL;"2";"2"
"3270";"GLOBO METALIZADO PEQ*12 SURT";"70";"0";"4800";"7344";"0";"1";"145";NULL;"2";"2"
"3271";"huellero dactilar eko";"109907";"0";"1600";"2000";"0";"0";"146";NULL;"3";"98"
"3272";"silicona delgada x 60";"99883";"-2";"15500";"19000";"0";"1";"146";NULL;"3";"98"
"3273";"silicola gruesa x 26";"0";"0";"15500";"19000";"0";"0";"146";NULL;"3";"98"
"3274";"silicona gruesa x 26";"99922";"0";"15500";"19000";"0";"1";"146";NULL;"3";"98"
"3275";"pegante payasito 20g x 6";"99930";"0";"3200";"4000";"0";"1";"146";NULL;"3";"98"
"3276";"pegante payasito x 120g";"99834";"-3";"1870";"2350";"0";"1";"146";NULL;"3";"98"
"3277";"cinta transpa 12x5mts";"999976";"0";"1550";"2000";"0";"0";"146";NULL;"3";"98"
"3278";"cinta transpa 12x 25mts";"99830";"-2";"3800";"4800";"0";"1";"146";NULL;"3";"98"
"3279";"cinta transpa ancha 3 x50 mts";"99464";"-4";"6300";"7500";"0";"1";"146";NULL;"3";"98"
"3280";"lapiz offi-esco negrox12";"9865";"-1";"4190";"5000";"0";"1";"146";NULL;"3";"98"
"3281";"boligrafo offi-esco x12 negro";"99479";"-7";"5400";"6800";"0";"1";"146";NULL;"3";"98"
"3282";"tajalapiz doble serviciox24";"109959";"0";"21600";"26500";"0";"1";"146";NULL;"3";"98"
"3283";"borrador nata x 24 unidades";"9944";"0";"4320";"6700";"0";"1";"146";NULL;"3";"98"
"3284";"VELA ESPIRAL*3";"36";"0";"4500";"6426";"0";"1";"145";NULL;"2";"2"
"3285";"DULCE CAFE GURME*100UND";"953";"-5";"6250";"7854";"0";"1";"3";NULL;"2";"24"
"3286";"FESTON ESPEJO*3 UND";"20";"-4";"5100";"7038";"0";"1";"145";NULL;"2";"2"
"3287";"BOKA*12 SURTIDO";"873";"-13";"6750";"8160";"0";"0";"7";NULL;"2";"25"
"3288";"BOUQUET 8 PCS CROMADO";"92";"0";"9600";"13311";"0";"0";"145";NULL;"2";"2"
"3289";"TOPPER MAMA* UND";"95";"0";"1200";"1720";"0";"1";"145";NULL;"2";"2"
"3290";"VELA MENSAJE*6 UND SURT";"41";"-2";"6000";"8262";"0";"1";"145";NULL;"2";"2"
"3291";"BOLSA HOLOGRAMADA M*12 UND";"97";"-4";"14400";"19788";"0";"0";"145";NULL;"2";"2"
"3292";"BOMBA CROMADA R6 PQT*100";"87";"0";"10000";"13770";"0";"1";"145";NULL;"2";"2"
"3293";"BOMBA PASTEL FC *100";"190";"0";"16000";"22032";"0";"1";"145";NULL;"2";"2"
"3294";"MANTEL TIPO TELA*3 UND";"7";"-7";"5100";"7038";"0";"1";"145";NULL;"2";"2"
"3295";"BOLSA HOLOGRAMADA L*12 UND";"55";"-4";"17200";"23664";"0";"1";"145";NULL;"2";"2"
"3296";"STIKER *2UND*3 SURT";"72";"-2";"5400";"7497";"0";"1";"145";NULL;"2";"2"
"3297";"CAJA DESAYUNO *3";"97";"0";"12750";"17646";"0";"1";"145";NULL;"2";"2"
"3298";"CAJA MOÑO UND";"77";"-6";"5000";"6885";"0";"1";"145";NULL;"2";"2"
"3299";"DESAYUNO MEDIANA*6";"90";"-1";"12750";"17646";"0";"1";"145";NULL;"2";"2"
"3300";"BOMBA CROMADA FC*50";"48";"0";"14000";"19278";"0";"1";"145";NULL;"2";"2"
"3301";"PLIEGO PAPEL PERIODICO*25 UND";"59";"-3";"4500";"5916";"0";"1";"11";NULL;"2";"11"
"3302";"GLOBO BOTELLA GRANDE*3SURT";"32";"-3";"4500";"6273";"0";"1";"145";NULL;"2";"2"
"3303";"GLOBO HEINEKEN CORONA*3 SURT";"97";"0";"4500";"6273";"0";"1";"145";NULL;"2";"2"
"3304";"SOMBRERO NEON*12";"81";"-1";"8400";"11628";"0";"1";"145";NULL;"2";"2"
"3305";"TOPPER ACRILICO*12 SURT";"88";"0";"12000";"16524";"0";"1";"145";NULL;"2";"2"
"3306";"MICROCORRUGADA RIGIDA*3 UND";"94";"0";"12750";"17646";"0";"1";"145";NULL;"2";"2"
"3307";"LETRERO BOY*3 UND";"95";"0";"6000";"8262";"0";"1";"145";NULL;"2";"2"
"3308";"LETRERO GIRL*3 UND";"95";"0";"6000";"8262";"0";"1";"145";NULL;"2";"2"
"3309";"INFLADOR MANUAL GRANDE*UND";"72";"-4";"3300";"4590";"0";"1";"145";NULL;"2";"2"
"3310";"BOUQUET 10 PCS*3UND";"99";"0";"10500";"14535";"0";"1";"145";NULL;"2";"2"
"3311";"BOMBA CORAZON LISA*100";"73";"-1";"14000";"19890";"0";"1";"145";NULL;"2";"2"
"3312";"peine bolsillo negra x 12";"999909";"-2";"2400";"3000";"0";"1";"146";NULL;"3";"98"
"3313";"peine bolsillo bicolor x 12";"999959";"-1";"2400";"3000";"0";"1";"146";NULL;"3";"98"
"3314";"peine piojo";"999938";"0";"4600";"5800";"0";"1";"146";NULL;"3";"98"
"3315";"peine mojarra grande x12";"99948";"0";"7500";"9500";"0";"1";"146";NULL;"3";"98"
"3316";"peine mojarra pequeña x12";"999950";"0";"5500";"6900";"0";"1";"146";NULL;"3";"98"
"3317";"CINTA ARCO *6UND";"88";"0";"4800";"6732";"0";"1";"145";NULL;"2";"2"
"3318";"BOLSA HOLAGRAMO XL *12";"192";"0";"23400";"32232";"0";"0";"145";NULL;"2";"2"
"3319";"GLOBO PERSONAJES PEQ*6UND SURT";"89";"-1";"4800";"6732";"0";"1";"145";NULL;"2";"2"
"3320";"SET GLOBO FC CURSIVO*3 UND";"181";"0";"7800";"10863";"0";"1";"145";NULL;"2";"2"
"3321";"FESTON FC CURSIVO PLANO*3";"70";"-2";"4500";"6273";"0";"0";"145";NULL;"2";"2"
"3322";"ACEITE LIROSOYA*1000 ML";"600";"-18";"6916";"8645";"0";"1";"9";NULL;"2";"2"
"3323";"BOMBA DE AGUA*100*3 UND";"77";"0";"3300";"4590";"0";"1";"145";NULL;"2";"2"
"3324";"CUBOS BABY*4";"87";"-1";"20000";"27540";"0";"1";"145";NULL;"2";"2"
"3325";"HABLADORES*6 *3";"85";"0";"5400";"7497";"0";"1";"145";NULL;"2";"2"
"3326";"TOPPER METALIZADO*3";"86";"0";"4500";"6732";"0";"1";"145";NULL;"2";"2"
"3327";"BASE BOUQUET";"80";"0";"3500";"4845";"0";"1";"145";NULL;"2";"2"
"3328";"SPLOT LINEA*24 UND";"507";"-6";"8234";"10098";"0";"1";"3";NULL;"2";"7"
"3329";"HBD SURTIDO*3UND";"95";"0";"5100";"7038";"0";"1";"145";NULL;"2";"2"
"3330";"CORAZON METALIZA PEQ *12";"87";"0";"4800";"6732";"0";"1";"145";NULL;"2";"2"
"3331";"ESTRELLA METALIZA PEQ *12";"91";"0";"4800";"6732";"0";"1";"145";NULL;"2";"2"
"3332";"CORAZON METALIZA GRAN*12";"86";"-1";"7200";"10404";"0";"1";"145";NULL;"2";"2"
"3333";"ESTRELLA METALIZA GRAN*12";"93";"0";"7200";"10404";"0";"1";"145";NULL;"2";"2"
"3334";"BOLSA HOLOGRAMADA S*12 UND";"50";"-1";"11000";"15096";"0";"0";"145";NULL;"2";"2"
"3335";"BOUQUET TE AMO*UND";"94";"0";"4600";"6375";"0";"1";"145";NULL;"2";"2"
"3336";"TREBOL GLOBO BURBUJA*12SURT";"92";"0";"7200";"10404";"0";"1";"145";NULL;"2";"2"
"3337";"CRISPETERA ECOLOGICA *12";"77";"0";"9200";"12648";"0";"1";"145";NULL;"2";"2"
"3338";"Varsol x 150 cc";"99484";"-6";"1350";"1700";"0";"1";"118";NULL;"3";"70"
"3339";"BOLSA REGALO INFANTIL*12";"91";"-1";"20000";"27540";"0";"1";"145";NULL;"2";"2"
"3340";"BOLSA DISEÑO DAMA*12";"91";"0";"20000";"27540";"0";"1";"145";;"2";"2"
"3341";"SET HBD CURSIVO*3";"92";"0";"8400";"11628";"0";"1";"145";NULL;"2";"2"
"3342";"CAÑON REVELACION SEXO";"95";"0";"4000";"5508";"0";"1";"145";NULL;"2";"2"
"3343";"BOLSA REGALO KFRAT*12";"89";"0";"18000";"24786";"0";"1";"145";NULL;"2";"2"
"3344";"CONFETI ESCARCHADO*6";"94";"-1";"6000";"8262";"0";"1";"145";NULL;"2";"2"
"3345";"BOMBA SATIN FC*100";"55";"0";"14000";"19278";"0";"1";"145";NULL;"2";"2"
"3346";"CAJA REGALO CUADRADA*3 UND";"0";"0";"22950";"31620";"0";"1";"145";NULL;"2";"2"
"3347";"TOPPER FLOR*3 UND";"97";"0";"5100";"7038";"0";"1";"145";NULL;"2";"2"
"3348";"TAPA GRANDE ECO*4 UND";"95";"0";"10200";"14076";"0";"1";"145";NULL;"2";"2"
"3349";"Tooth brush cepillo x 30";"9909";"0";"21044";"26300";"0";"0";"92";NULL;"3";"44"
"3350";"Pistola astronauta x12";"100000";"0";"72527";"85500";"0";"0";"92";NULL;"3";"44"
"3351";"Mono platillo x12";"99999";"0";"66440";"78200";"0";"0";"92";NULL;"3";"44"
"3352";"Mono luchador x12";"99999";"0";"65085";"76600";"0";"0";"92";NULL;"3";"44"
"3353";"Nono tambor x 12";"9999";"0";"65085";"76600";"0";"0";"92";NULL;"3";"44"
"3354";"Happy smile,dientes locosx12";"10000";"0";"63729";"76600";"0";"0";"92";NULL;"3";"44"
"3355";"Megalodon x 12";"99999";"0";"66441";"78500";"0";"0";"92";NULL;"3";"44"
"3356";"Unicornio x12";"9997";"0";"80000";"94500";"0";"1";"92";NULL;"3";"44"
"3357";"Chicle ácido metro x15";"99765";"0";"11309";"14200";"0";"1";"92";NULL;"3";"44"
"3358";"Chiche Barbie";"99894";"0";"11309";"14200";"0";"1";"92";NULL;"3";"44"
"3359";"Cables tarrox60 colombia";"9944";"0";"11141";"13900";"0";"1";"92";NULL;"3";"44"
"3360";"Cables tarrox60 manz-melon";"99941";"0";"11141";"13900";"0";"1";"92";NULL;"3";"44"
"3361";"Cintas tarro x96 colombia";"9921";"0";"13548";"17900";"0";"1";"92";NULL;"3";"44"
"3362";"Cintas tarro x96 manzana-melon";"99957";"0";"13543";"17900";"0";"1";"92";NULL;"3";"44"
"3363";"Vidal, cintas tarro peq,multicolorx72";"9996";"0";"14600";"17200";"0";"0";"92";NULL;"3";"44"
"3364";"Fini, tubo gx10 fresa acida";"9839";"0";"12033";"14900";"0";"1";"92";NULL;"3";"44"
"3365";"Fini, tubo gx10 fresa lisa";"9993";"0";"11389";"13400";"0";"0";"92";NULL;"3";"44"
"3366";"Fini, tubo gx10 frutas silvestres";"9986";"0";"11389";"13400";"0";"0";"92";NULL;"3";"44"
"3367";"Fini, tubo gx10 tutti fruti";"9882";"0";"12033";"14900";"0";"1";"92";NULL;"3";"44"
"3368";"Gas spray candyx12";"199942";"0";"28768";"36000";"0";"1";"92";NULL;"3";"44"
"3369";"Trolli surtida x24";"99991";"0";"28544";"28800";"0";"1";"92";NULL;"3";"44"
"3370";"TAPA MEDIANA*6";"91";"0";"17850";"24582";"0";"1";"145";NULL;"2";"2"
"3371";"MOSTACHO GRANDE*6";"1999";"0";"10200";"14076";"0";"1";"145";NULL;"2";"2"
"3372";"MOSTACHO PEQUEÑO*6";"94";"-3";"5400";"7650";"0";"1";"145";NULL;"2";"2"
"3373";"INFLADOR MEDIANO UND";"83";"-3";"2700";"3774";"0";"0";"145";NULL;"2";"2"
"3374";"CAJA LONCHERA*3 UND";"99";"0";"8925";"12342";"0";"1";"145";NULL;"2";"2"
"3375";"ROSA GRANDE*4 UND";"98";"0";"13600";"18768";"0";"1";"145";NULL;"2";"2"
"3376";"GLOBO REVELACION SEX R-40";"97";"0";"4500";"6222";"0";"1";"145";NULL;"2";"2"
"3377";"BASE CUPCAKES*UND";"93";"0";"5000";"6885";"0";"0";"145";NULL;"2";"2"
"3378";"CORBATA NEON PLAST*12";"99";"0";"5000";"6885";"0";"0";"145";NULL;"2";"2"
"3379";"CORBATIN NEON*12";"92";"0";"3300";"4590";"0";"1";"145";NULL;"2";"2"
"3380";"BOLSA SORPRESA*10";"95";"0";"1900";"2652";"0";"0";"145";NULL;"2";"2"
"3381";"Trident pastillas x40 menta";"9981";"0";"14379";"16500";"0";"0";"82";NULL;"3";"34"
"3382";"LETRERO GLOBO TE AMO*3";"93";"0";"7800";"10863";"0";"1";"145";NULL;"2";"2"
"3383";"CAJA JABON LE FRAGANCE *72";"99";"0";"103700";"128520";"0";"1";"2";NULL;"2";"25"
"3384";"COLLARES HAWAIANO*12";"50";"-4";"2900";"4029";"0";"1";"145";NULL;"2";"2"
"3385";"CAJA CORAZON*3";"93";"0";"22750";"31620";"0";"1";"145";NULL;"2";"2"
"3386";"BOLSA HOLOGRAMADA XS*12 UND";"166";"-2";"7200";"9894";"0";"1";"145";NULL;"2";"2"
"3387";"CORTINA ESPEJO FC*UND";"62";"-6";"2500";"3468";"0";"1";"145";NULL;"2";"2"
"3388";"FESTON FLECOS HB*UND";"0";"0";"4500";"6222";"0";"1";"145";NULL;"2";"2"
"3389";"SET FD PAPA*3UND";"98";"0";"7800";"10863";"0";"1";"145";NULL;"2";"2"
"3390";"HABLADORES LUJO*6*3PQT";"96";"-1";"6600";"9180";"0";"1";"145";NULL;"2";"2"
"3391";"EXPLOSION*UND";"33";"-4";"3300";"4590";"0";"1";"145";NULL;"2";"2"
"3392";"BIANCHI LINEA BLANCA*24";"79";"-1";"8900";"10914";"0";"0";"3";NULL;"2";"24"
"3393";"FESTON BIENVENIDOS ESCARCHA *3";"78";"0";"6000";"8262";"0";"1";"145";NULL;"2";"2"
"3394";"COLOR REY*55 GR CHAPETA*12";"578";"-2";"11600";"14790";"0";"1";"7";NULL;"2";"100"
"3395";"COLOR AMARILLO REY*55 GR*12";"68";"-1";"11300";"13770";"0";"1";"7";NULL;"2";"100"
"3396";"Sedal sh keratina x12";"109987";"0";"7600";"10100";"0";"0";"126";NULL;"3";"78"
"3397";"Sedal ac keratina x12";"9992";"0";"7600";"10100";"0";"0";"126";NULL;"3";"78"
"3398";"Power razor x24 5 hojas";"9965";"-1";"24000";"48000";"0";"1";"101";NULL;"3";"53"
"3399";"LETRA GLOBO 18&quot;";"53";"0";"600";"867";"0";"1";"145";NULL;"2";"2"
"3400";"TOALLA HUMEDA ALOE*100";"756";"-8";"5500";"7038";"0";"1";"2";NULL;"2";"102"
"3401";"MAQUINA MEDSONIC 3 HOJAS*12";"59";"-1";"9492";"12240";"0";"1";"2";NULL;"2";"102"
"3402";"VELA LETRA FC*UND";"77";"-12";"3400";"4692";"0";"1";"145";NULL;"2";"2"
"3403";"ROSA PEQUEÑA*4";"96";"0";"6800";"9384";"0";"1";"145";NULL;"2";"2"
"3404";"Marcador permanente negro x12";"99976";"-1";"18000";"21600";"0";"1";"146";NULL;"3";"98"
"3405";"CAJA TAZA 24ONZ*25PQT";"93";"-1";"255000";"328440";"0";"0";"5";NULL;"2";"2"
"3406";"Power razor x12 5 hojas";"99967";"0";"12000";"24000";"0";"1";"101";NULL;"3";"53"
"3407";"CINTA TELA SATINADA ROLLO";"70";"0";"7200";"10098";"0";"1";"145";NULL;"2";"2"
"3408";"GLOBO METALIZADO GRAN*12 SURT";"85";"0";"7200";"9996";"0";"1";"145";NULL;"2";"2"
"3409";"DINOSAURIO 4D*UND";"99";"0";"5500";"7650";"0";"1";"145";NULL;"2";"2"
"3410";"BOMBA CORAZON TE AMO*100";"72";"0";"16000";"22440";"0";"1";"145";NULL;"2";"2"
"3411";"CAJA VINAGRE BLANCO*1000*12 UND";"91";"0";"27000";"34272";"0";"1";"7";NULL;"2";"100"
"3412";"FLOR ETERNA LUZ";"98";"0";"30000";"41310";"0";"1";"145";NULL;"2";"2"
"3413";"MANILLA NEON*50";"93";"0";"7400";"9639";"0";"1";"145";NULL;"2";"2"
"3414";"BANDEJA MEDIANA *4 UND";"98";"0";"11375";"17850";"0";"0";"145";NULL;"2";"2"
"3415";"ANCHETA GRANDE*6";"92";"0";"12750";"17850";"0";"1";"145";NULL;"2";"2"
"3416";"ESFERO OFIESCO RETRACTIL NEGRO*12";"1948";"0";"6000";"8058";"0";"1";"11";NULL;"2";"11"
"3417";"CAJA CERA ESCARLATA*48 UND";"91";"0";"48000";"58560";"0";"1";"1";NULL;"2";"18"
"3418";"TRULULU FAVORT 70G SURT*24";"921";"-14";"38229";"45874";"0";"1";"3";NULL;"2";"24"
"3419";"BOLSA REGALO PEQ*12";"994";"0";"20000";"27540";"0";"1";"145";NULL;"2";"2"
"3420";"BOLSA REGALO GRANDE*12";"97";"0";"40000";"55080";"0";"1";"145";NULL;"2";"2"
"3421";"BOLSA PEQUEÑA MAMA*12";"997";"0";"18000";"24300";"0";"1";"145";NULL;"2";"2"
"3422";"INFLADOR ELECTRONICO";"95";"0";"35000";"55080";"0";"1";"145";NULL;"2";"2"
"3423";"BOMBA NEON SURT";"91";"0";"15000";"20655";"0";"1";"145";NULL;"2";"2"
"3424";"BOLSA MEDIA BABY SHOWER*12";"98";"0";"30000";"41310";"0";"1";"145";NULL;"2";"2"
"3425";"BOLSA GRAND BABY SHOWER*12";"19";"-1";"40000";"55080";"0";"1";"145";NULL;"2";"2"
"3426";"marcador sharpie x3";"99744";"-12";"7650";"9000";"0";"1";"146";NULL;"3";"98"
"3427";"CAJA TAZA 16 ONZ*25PQT";"0";"-9";"211250";"262140";"0";"0";"5";NULL;"2";"2"
"3428";"CAJA DESENGRASANTE SPRAY*24";"9";"0";"62400";"76128";"0";"1";"1";NULL;"2";"18"
"3429";"MIL FIGURAS COLORES";"91";"-1";"9500";"13107";"0";"1";"145";NULL;"2";"2"
"3430";"GLOBO MENSAJE PEQ*12UND";"31";"-3";"4800";"6732";"0";"1";"145";NULL;"2";"2"
"3431";"SEDAL SHAMPOO KERATINA*12";"992";"-5";"9000";"11016";"0";"1";"2";NULL;"2";"26"
"3432";"savital sh hialuronico x20";"99884";"0";"14000";"20200";"0";"1";"126";NULL;"3";"78"
"3433";"savital ac argan x20";"9970";"0";"14000";"20200";"0";"1";"126";NULL;"3";"78"
"3434";"savital cr hialuronico x20";"99966";"0";"14000";"20200";"0";"1";"126";NULL;"3";"78"
"3435";"tratamiento savital amino x12";"9933";"0";"11000";"15000";"0";"0";"126";NULL;"3";"78"
"3436";"GLOBO UNICORNIO*6 SURT";"99";"0";"6000";"8262";"0";"1";"145";NULL;"2";"2"
"3437";"BOMBA SATIN LISA SURT*100";"980";"0";"9000";"16218";"0";"1";"145";NULL;"2";"2"
"3438";"VINAGRE BLANCO*500 PG 12 LLV 13";"39";"-7";"14354";"19992";"0";"1";"7";NULL;"2";"99"
"3439";"VINAGRE BLANCO*500 ML";"7516";"-53";"1104";"1632";"0";"1";"7";NULL;"2";"99"
"3440";"VINAGRE SURT*500 PG 12 LLV 13";"80";"-2";"13250";"19992";"0";"1";"7";NULL;"2";"99"
"3441";"VINAGRE MANZANA*500 ML";"807";"-39";"1104";"1632";"0";"1";"7";NULL;"2";"99"
"3442";"VINAGRE FRUTAS*500 ML";"4";"-1";"1761";"2244";"0";"0";"7";NULL;"2";"99"
"3443";"SIDRA DE MANZANA*500 ML";"2";"-4";"6545";"8160";"0";"0";"7";NULL;"2";"99"
"3444";"GUANTE NITRILO DIAMANTE*25 TL L";"20";"-2";"22500";"29070";"0";"1";"2";NULL;"2";"102"
"3445";"VINAGRE BLANCO*3000 ML";"713";"-4";"4500";"6120";"0";"1";"7";NULL;"2";"99"
"3446";"VINAGRE MANZANA*3000 ML";"74";"-1";"6736";"8364";"0";"0";"7";NULL;"2";"99"
"3447";"GUANTE NITRILO DIAMANTE*25 TL XL";"45";"0";"22500";"29070";"0";"1";"2";NULL;"2";"102"
"3448";"VINAGRE BLANCO*1000 ML";"936";"-13";"2250";"2958";"0";"1";"7";NULL;"2";"99"
"3449";"VINAGRE MANZANA*1000 ML";"54";"-2";"2300";"2958";"0";"0";"7";NULL;"2";"99"
"3450";"MIEL CON POLEN*200 GR";"99";"0";"4100";"5100";"0";"0";"7";NULL;"2";"99"
"3451";"MIEL CON POLEN*250 GR";"96";"0";"5100";"6324";"0";"0";"7";NULL;"2";"99"
"3452";"PROPOLEO NIÑOS*330 GR";"95";"0";"9350";"11526";"0";"1";"7";NULL;"2";"99"
"3453";"PROPOLEO ADULTO*330 GR";"66";"0";"9350";"11526";"0";"1";"7";NULL;"2";"99"
"3454";"VINAGRE 20 LTS";"93";"0";"27000";"36720";"0";"1";"7";NULL;"2";"99"
"3455";"LETRERO FELIZ DIA MAMA*3UND";"95";"0";"7500";"10710";"0";"1";"145";NULL;"2";"2"
"3456";"BLOQUEADOR SUNDARK *120 ML";"97";"0";"30000";"37740";"0";"0";"2";NULL;"2";"18"
"3457";"TRULULU SABORES CRUNCHY*12";"62";"0";"8544";"10423";"0";"0";"3";NULL;"2";"2"
"3458";"TRATAMIENTO SAVITAL*12 +1UND";"23";"-4";"12000";"14640";"0";"1";"2";NULL;"2";"18"
"3459";"BOUQUET 5 PCS FC*3UND";"88";"0";"8100";"11169";"0";"1";"145";NULL;"2";"2"
"3460";"BOLSA EMPAQUE BOMBA*100";"998";"0";"6000";"8262";"0";"0";"145";NULL;"2";"2"
"3461";"CHUPETA BARBIE*12 UND";"70";"0";"14350";"17850";"0";"0";"3";NULL;"2";"8"
"3462";"GUANTE CALIBRE 35*6 PQT";"91";"0";"20850";"27540";"0";"0";"1";NULL;"2";"25"
"3463";"TUMIX STICK*100";"9757";"-12";"6314";"7854";"0";"0";"3";NULL;"2";"8"
"3464";"LETRERO LOVE*3";"94";"0";"3600";"5100";"0";"1";"145";NULL;"2";"2"
"3465";"LETRERO LOVE GRANDE*3";"96";"0";"5100";"7548";"0";"1";"145";NULL;"2";"2"
"3466";"bisturi pequeño x 3";"99970";"0";"3300";"4150";"0";"1";"146";NULL;"3";"98"
"3467";"bisturi grande x 3";"9939";"0";"1800";"6750";"0";"1";"146";NULL;"3";"98"
"3468";"boligrafo offi-esco x12 rojo";"99920";"-1";"5400";"6800";"0";"1";"146";NULL;"3";"98"
"3469";"cartulina  pt x100 surtida";"99960";"-1";"11800";"14800";"0";"1";"146";NULL;"3";"98"
"3470";"coloresx12 unipunta";"99956";"-1";"4800";"6000";"0";"1";"146";NULL;"3";"98"
"3471";"coloresx12  doble punta";"9930";"0";"5100";"6400";"0";"1";"146";NULL;"3";"98"
"3472";"coloresx12 jumbo";"9989";"0";"9500";"11900";"0";"1";"146";NULL;"3";"98"
"3473";"marcador multi-trazo x12";"99996";"0";"13800";"17250";"0";"1";"146";NULL;"3";"98"
"3474";"pegante barra 10g x6";"19941";"-1";"5400";"6600";"0";"1";"146";NULL;"3";"98"
"3475";"pegante barra 21g x6";"9934";"-1";"9000";"11250";"0";"1";"146";NULL;"3";"98"
"3476";"pegante barra 40g x6";"9974";"-1";"13500";"16800";"0";"1";"146";NULL;"3";"98"
"3477";"plumon p/pincel x12";"985";"0";"11500";"14350";"0";"1";"146";NULL;"3";"98"
"3478";"silicona liquidax30ml x6";"99949";"-1";"7500";"9300";"0";"1";"146";NULL;"3";"98"
"3479";"silicona liquidax100ml x3";"199964";"-1";"8700";"10800";"0";"1";"146";NULL;"3";"98"
"3480";"tijeras p/roma x24 surt";"9997";"0";"38400";"48000";"0";"1";"146";NULL;"3";"98"
"3481";"huellero offi-esco";"99839";"-2";"2100";"2600";"0";"1";"146";NULL;"3";"98"
"3482";"tajalapiz metalicox24";"99961";"0";"5760";"7200";"0";"1";"146";NULL;"3";"98"
"3483";"GLOBO METALIZADO MAMA 18&quot;*12";"0";"0";"7200";"10404";"0";"1";"145";NULL;"2";"2"
"3484";"FESTON FD PAPA *3";"93";"0";"4200";"5814";"0";"0";"145";NULL;"2";"2"
"3485";"Tijeras p/Roma x6";"19939";"-1";"9600";"12000";"0";"1";"146";NULL;"3";"98"
"3486";"ESFERO RETRACTIL OFFI COLORS*12";"50";"-3";"6000";"7956";"0";"1";"11";NULL;"2";"11"
"3487";"FRUNA FRUWI*2*100";"33";"-1";"7031";"8466";"0";"0";"3";NULL;"2";"24"
"3488";"Esponja arcoiris x12";"10000";"0";"6700";"9000";"0";"0";"109";NULL;"3";"60"
"3489";"Dove sh reconstrucción x12";"9549";"-5";"8000";"10100";"0";"1";"126";NULL;"3";"78"
"3490";"Dove ac reconstrucción x12";"9798";"-6";"8000";"10100";"0";"1";"126";NULL;"3";"78"
"3491";"VASO 7 ONZ BIODEGRADABLE*50";"1718";"-3";"3600";"4794";"0";"1";"5";NULL;"2";"2"
"3492";"ESPIRAL BICOLOR*3 UND";"1181";"0";"4500";"6324";"0";"0";"145";NULL;"2";"2"
"3493";"MOVIL NAVIDEÑO*3 UND";"178";"-3";"13600";"17952";"0";"1";"145";NULL;"2";"2"
"3494";"Esponja arcoiris x12";"99913";"0";"6500";"9000";"0";"1";"108";NULL;"3";"60"
"3495";"TRULULU PIRAMIDAL OSOS*50UND";"874";"-2";"16200";"19686";"0";"0";"3";NULL;"2";"24"
"3496";"PORTAMINAS *12 UND";"996";"0";"14400";"18054";"0";"1";"11";NULL;"2";"11"
"3497";"bombillos led 18W";"3";"0";"4800";"6000";"0";"0";"101";NULL;"3";"53"
"3498";"lapiz negro pastel x12";"1099955";"0";"3360";"5000";"0";"1";"146";NULL;"3";"98"
"3499";"bolígrafo pastel x12 negro";"9920";"0";"6600";"8250";"0";"1";"146";NULL;"3";"98"
"3500";"TOALLA NOSOTRAS NOCTUR*24+ PROT";"9850";"0";"15900";"19398";"0";"1";"2";NULL;"2";"25"
"3501";"XRAY DOLX48";"99973";"0";"60000";"72000";"0";"1";"111";NULL;"3";"63"
"3502";"bio varsol x150ml maracuya";"99917";"-1";"2300";"2900";"0";"1";"118";NULL;"3";"70"
"3503";"bio varsol x150ml floral";"9932";"-1";"2300";"2900";"0";"1";"118";NULL;"3";"70"
"3504";"bio varsol x500ml maracuya";"99901";"-2";"4500";"5500";"0";"1";"118";NULL;"3";"70"
"3505";"bio varsol x500ml floral";"9939";"-3";"4500";"5500";"0";"1";"118";NULL;"3";"70"
"3506";"XRAY DOL X12";"9434";"-4";"15000";"18000";"0";"1";"111";NULL;"3";"63"
"3507";"kotex nocturna x24";"9962";"0";"13500";"16900";"0";"1";"99";NULL;"3";"51"
"3508";"PACA AGUILA ROJA*50GR *10 PQS";"5";"0";"160000";"190000";"0";"0";"6";NULL;"2";"1"
"3509";"Bolígrafo rectractil x12 colores";"9949";"0";"6000";"8000";"0";"1";"146";NULL;"3";"98"
"3510";"Borrador x 20 colores";"99985";"0";"9000";"11500";"0";"1";"146";NULL;"3";"98"
"3511";"lapiz offi-esco rojox12";"99920";"0";"3960";"5500";"0";"1";"146";NULL;"3";"98"
"3512";"MAQUINA DORCO 3 HOJAS*24UND";"917";"-2";"24000";"30600";"0";"1";"2";NULL;"2";"18"
"3513";"muestra coprologicax50 uni";"99981";"0";"15500";"18500";"0";"1";"111";NULL;"3";"63"
"3514";"muestra  de orina x50 uni";"99954";"0";"13500";"16800";"0";"1";"111";NULL;"3";"63"
"3515";"jeringax 5ml x100 uni";"99993";"0";"24000";"30000";"0";"1";"111";NULL;"3";"63"
"3516";"gorro blanco uka x100";"99978";"0";"12000";"15000";"0";"1";"111";NULL;"3";"63"
"3517";"gorro azul uka x100";"9990";"0";"12000";"15000";"0";"1";"111";NULL;"3";"63"
"3518";"borrador goma negrox20";"9994";"0";"13000";"16300";"0";"1";"146";NULL;"3";"98"
"3519";"ESPIRAL CORAZON*3UND";"85";"0";"4500";"6324";"0";"0";"145";NULL;"2";"2"
"3520";"PAPEL COREANO*20";"63";"0";"7000";"9600";"0";"1";"145";NULL;"2";"2"
"3521";"LUZ LED 3 FRECUENCIAS*10";"88";"0";"10000";"20400";"0";"1";"145";NULL;"2";"2"
"3522";"BLOCK OCTAVO PAPEL PERIODICO";"94";"0";"2200";"2958";"0";"1";"11";NULL;"2";"11"
"3523";"tratamiento savital multiv x12";"9985";"0";"7500";"15000";"0";"0";"126";NULL;"3";"78"
"3524";"tratamiento savital hialuronico x12";"99987";"0";"7500";"15000";"0";"0";"126";NULL;"3";"78"
"3525";"sh, cr, ac  savital gratis  6 gel ego";"99812";"0";"33000";"49500";"0";"0";"126";NULL;"3";"78"
"3526";"manteca cacao dispensadorx12";"9942";"-1";"13000";"17000";"0";"1";"111";NULL;"3";"63"
"3527";"OFERT 2 ACETAM AG*100+1IBUPRO GENFAR*50";"848";"-5";"22000";"27540";"0";"1";"4";NULL;"2";"9"
"3528";"CAJA VASO BIODEGR*6 ONZ*20 PAQ";"942";"-3";"68000";"85000";"0";"1";"5";NULL;"2";"2"
"3529";"ACONDICIONADOR NUTRIBELA*12";"619";"-3";"9800";"12036";"0";"1";"2";NULL;"2";"9"
"3530";"DULCE RELLENO AMERICANDY*300";"76";"0";"17000";"21624";"0";"1";"3";NULL;"2";"24"
"3531";"SET FELIZ DIA GLOBO*3";"26";"0";"9000";"12444";"0";"1";"145";NULL;"2";"2"
"3532";"VASO TRASP 3.3 ONZ*50 UND";"92";"0";"1862";"2272";"0";"1";"5";NULL;"2";"22"
"3533";"GORRO FIESTA PQT *6";"10";"0";"12000";"16524";"0";"0";"145";NULL;"2";"2"
"3534";"raid x 84 pastillas";"999800";"-2";"28000";"32000";"0";"1";"111";NULL;"3";"63"
"3535";"CORONA NAVIDEÑA*3 UND";"90";"-1";"9900";"13668";"0";"1";"145";NULL;"2";"2"
"3536";"FAROL NAVIDEÑO*10 UND";"38";"0";"4200";"5712";"0";"1";"145";NULL;"2";"2"
"3537";"CAJA TAPA VASO BIODEGR 6ONZ*40PQT";"87";"0";"120000";"146880";"0";"1";"5";NULL;"2";"2"
"3538";"OFERT RICOST DESM*36+COMPLETI*36";"125";"0";"21800";"28458";"0";"0";"7";NULL;"2";"9"
"3539";"GANCHO LEGAJADOR*20UND";"72";"0";"2500";"3264";"0";"1";"11";NULL;"2";"2"
"3540";"LUMBAL*24 TABLETAS";"35";"-5";"25650";"31416";"0";"1";"4";NULL;"2";"9"
"3541";"LETRERO NAVIDEÑO*3 UND";"93";"0";"9500";"13107";"0";"1";"145";NULL;"2";"2"
"3542";"GLOBO PAPA NOEL*UND";"74";"-3";"6500";"8976";"0";"1";"145";NULL;"2";"2"
"3543";"CAJA ALCOHOL*120*48UND";"2";"0";"81600";"99450";"0";"1";"4";NULL;"2";"15"
"3544";"BIANCHI LINEA SURT*24";"54";"0";"7921";"9690";"0";"1";"3";NULL;"2";"24"
"3545";"OFERTA PLATO 23 PG 12 LLEV 13";"79";"-1";"40950";"50796";"0";"0";"5";NULL;"2";"2"
"3546";"OFERTA PLATO 15 PG 12 LLEV 13";"55";"-1";"20280";"25704";"0";"0";"5";NULL;"2";"2"
"3547";"OFERTA PLATO 25 PG 12 LLEV 13";"87";"-1";"44980";"55692";"0";"0";"5";NULL;"2";"2"
"3548";"Sal de frutas lua plus x22";"99971";"-2";"57900";"63000";"0";"1";"111";NULL;"3";"63"
"3549";"Sal de frutas lua plus x 8";"9848";"-2";"17850";"23000";"0";"1";"111";NULL;"3";"63"
"3550";"SERPENTINA ROJO Y BLANCO*3 SURT";"86";"-3";"2700";"3825";"0";"1";"145";NULL;"2";"2"
"3551";"SET CONEJO";"5";"0";"2800";"4080";"0";"1";"145";NULL;"2";"2"
"3552";"SET GATA";"96";"0";"2800";"4080";"0";"1";"145";NULL;"2";"2"
"3553";"ARCO ORGANICO FELIZ CUMPLEAÑOS*72PCS";"93";"0";"12500";"16875";"0";"1";"145";NULL;"2";"2"
"3554";"BALACA CONEJA*6 UND";"99";"0";"10560";"14790";"0";"1";"145";NULL;"2";"2"
"3555";"ROSETON *3 UND";"97";"0";"7200";"9996";"0";"1";"145";NULL;"2";"2"
"3556";"SET PIRATA*6 UND";"0";"0";"12000";"16524";"0";"1";"145";NULL;"2";"2"
"3557";"OFERT VINIPIEL*20 PAG 12 LLEV 13";"82";"-5";"14300";"18360";"0";"1";"5";NULL;"2";"23"
"3558";"OFERT VINIPIEL*50 PAG 12 LLEV 13";"98";"-1";"31200";"39168";"0";"1";"5";NULL;"2";"23"
"3559";"OFERT VINIPIEL*100 PAG 12 LLEV 13";"91";"-1";"42900";"52632";"0";"1";"5";NULL;"2";"23"
"3560";"OFERT ALUMIN 7 MTS PAG 12 LLEV 13";"984";"-5";"24908";"34272";"0";"1";"5";NULL;"2";"23"
"3561";"OFERT ALUMIN 16 MTS PAG 12 LLEV 13";"8";"-1";"44200";"64872";"0";"1";"5";NULL;"2";"22"
"3562";"OFERT VINIPIEL*500 PAG 6LLEV 7";"97";"0";"101500";"123830";"0";"1";"5";NULL;"2";"23"
"3563";"SET MINNIE";"6";"0";"2800";"4080";"0";"1";"145";NULL;"2";"2"
"3564";"Crema ego men x 24";"9957";"0";"16500";"23600";"0";"0";"126";NULL;"3";"78"
"3565";"NORAVER TOS GRIPA *12";"88";"-1";"25900";"31598";"0";"1";"4";NULL;"2";"15"
"3566";"VINIPEL* 200 MTS";"163";"-1";"5800";"8364";"0";"1";"5";NULL;"2";"2"
"3567";"GLOBO METAL NAVIDAD *12";"92";"-1";"6000";"8262";"0";"1";"145";NULL;"2";"2"
"3568";"corrector cinta 5m x 6";"99960";"0";"7800";"9900";"0";"1";"146";NULL;"3";"98"
"3569";"aromatel frambuesa x 180ml";"109342";"-6";"1200";"1500";"0";"1";"126";NULL;"3";"78"
"3570";"aromatel frambuesa x 400ml";"99566";"0";"1900";"2450";"0";"1";"126";NULL;"3";"78"
"3571";"BANDEJA J2 *20";"95";"-1";"5600";"7140";"0";"0";"5";NULL;"2";"2"
"3572";"Gelatina animalitos x20";"99989";"0";"7900";"12400";"0";"0";"92";NULL;"3";"63"
"3573";"Colores pastel unipunta x12";"99992";"0";"5800";"7500";"0";"1";"146";NULL;"3";"98"
"3574";"colores pastel  doble punta x12";"99983";"0";"6000";"7700";"0";"1";"146";NULL;"3";"98"
"3575";"boligrafo retractil x12 negro";"9910";"-1";"6600";"8300";"0";"1";"146";NULL;"3";"98"
"3576";"Cinta ancha 300mts";"99977";"0";"11000";"13800";"0";"1";"146";NULL;"3";"98"
"3577";"Hoja examen cuadricu x 100";"99979";"0";"9500";"11500";"0";"1";"146";NULL;"3";"98"
"3578";"Marcador offiesco permanente  x 8colores";"99990";"0";"13600";"17000";"0";"1";"146";NULL;"3";"98"
"3579";"Plastilina x10 corta";"99761";"-3";"930";"1200";"0";"1";"146";NULL;"3";"98"
"3580";"Plastilina x14 larga";"9791";"-2";"2280";"2850";"0";"1";"146";NULL;"3";"98"
"3581";"ORO PLATA*12+MATRIX*12";"576";"-7";"12100";"15300";"0";"1";"1";NULL;"2";"18"
"3582";"resma carta reprograf";"99889";"-3";"13750";"16900";"0";"1";"146";NULL;"3";"98"
"3583";"COLOR REY *25 UND";"63";"-53";"5850";"7344";"0";"1";"7";NULL;"2";"100"
"3584";"SAZONA REY *25 UND";"1005";"-15";"5800";"7242";"0";"1";"7";NULL;"2";"100"
"3585";"SALSINA REY *25 UND";"1106";"-19";"11000";"13464";"0";"1";"7";NULL;"2";"100"
"3586";"Gelatina Fruit jelly x 45 bolsa";"9646";"-2";"20400";"25500";"0";"1";"144";NULL;"3";"44"
"3587";"TAPA VASO 9 BIODEGRADABLE*25UND";"64";"-5";"3300";"4046";"0";"1";"5";NULL;"2";"2"
"3588";"SAL DE FRUTAS*16+IBUFLAX*6+KOLA*5";"15";"0";"53000";"64872";"0";"0";"4";NULL;"2";"9"
"3589";"BONFIEST*20+DURAFLEX*6+NORAVER*6";"89";"0";"80000";"97600";"0";"1";"4";NULL;"2";"9"
"3590";"SERVILLETA 1 A 1 NUBE*100";"962";"0";"1616";"2142";"0";"1";"5";NULL;"2";"2"
"3591";"CAJA SERVILLETA 1 A 1 NUBE *60PAQ";"76";"0";"97000";"119340";"0";"1";"5";NULL;"2";"2"
"3592";"trident pastillas x40 fresa";"99997";"0";"13850";"16500";"0";"0";"82";NULL;"3";"34"
"3593";"CAJA ACEITE *500ML*24UND";"92";"0";"88500";"107970";"0";"1";"9";NULL;"2";"16"
"3594";"ATÚN SOBERANA ACEITE*140GR";"178";"-31";"5335";"6508";"0";"1";"7";NULL;"2";"18"
"3595";"ATÚN SOBERANA AGUA*140GR";"906";"-2";"5335";"6508";"0";"1";"7";NULL;"2";"18"
"3596";"SARDINA OVALADA *425GR";"815";"-16";"4570";"5814";"0";"1";"7";NULL;"2";"18"
"3597";"JABON LIQUIDO FAB *300ML";"48";"-1";"3063";"3774";"0";"0";"1";NULL;"2";"18"
"3598";"Gel ego atracción 110 ml tarro";"9524";"-9";"2490";"2950";"0";"1";"126";NULL;"3";"78"
"3599";"Gel ego xtreme 110 ml tarro";"9839";"-15";"2490";"2950";"0";"1";"126";NULL;"3";"78"
"3600";"cepillo lavar 1A plano";"9914";"-4";"2167";"2700";"0";"1";"81";NULL;"3";"33"
"3601";"Bandeja C-1 x 50";"9959";"0";"11553";"14500";"0";"1";"95";NULL;"3";"47"
"3602";"OFERTA  AROMATEL*180ML*12 SURT";"35436";"-2";"14400";"17136";"0";"0";"1";NULL;"2";"26"
"3603";"Fini,super gigante x24 fresa";"9988";"-1";"25669";"32000";"0";"1";"92";NULL;"3";"44"
"3604";"Fini,super gigante x24 tutti frutti";"9984";"0";"25669";"32000";"0";"1";"92";NULL;"3";"44"
"3605";;"0";"0";"0";"0";"0";"1";"0";NULL;"2";"0"
"3606";"cepillo mano RD";"99839";"-4";"3375";"4200";"0";"1";"81";NULL;"3";"33"
"3607";"escoba eco madera";"99950";"0";"9837";"14200";"0";"1";"81";NULL;"3";"33"
"3608";"escoba  española plus";"9941";"0";"9000";"11300";"0";"1";"81";NULL;"3";"33"
"3609";"escoba monalissa";"99916";"0";"7788";"9750";"0";"1";"81";NULL;"3";"33"
"3610";"escoba WM NEON";"99859";"0";"7700";"9600";"0";"1";"81";NULL;"3";"33"
"3611";"trapero maxbri color ref 500";"9960";"0";"4284";"5350";"0";"1";"81";NULL;"3";"61"
"3612";"trapero maxbri blanco ref 500";"109896";"0";"4284";"5350";"0";"1";"81";NULL;"3";"61"
"3613";"trapero maxbri color ref 800";"99945";"0";"4637";"5800";"0";"1";"81";NULL;"3";"61"
"3614";"trapero maxbri blanco ref800";"99913";"0";"4637";"5800";"0";"1";"81";NULL;"3";"61"
"3615";"trapero maxbri blanco ref1000";"99913";"0";"5691";"7200";"0";"1";"81";NULL;"3";"61"
"3616";"trapero maxbri color ref1000";"99919";"0";"5691";"7200";"0";"1";"81";NULL;"3";"61"
"3617";"trapero microfibra";"19923";"-2";"9167";"11450";"0";"0";"81";NULL;"3";"61"
"3618";"marcador offiesco borrable color x12";"199994";"0";"19800";"24000";"0";"1";"146";NULL;"3";"98"
"3619";"Marcador offiesco borrable negro x12";"199997";"0";"19800";"24000";"0";"1";"146";NULL;"3";"98"
"3620";"Vaso cartón 6 onzas";"99511";"-8";"3250";"4000";"0";"1";"127";NULL;"3";"79"
"3621";"boligrafo gel x12 negro";"9981";"0";"7200";"9000";"0";"1";"146";NULL;"3";"98"
"3622";"resma oficio reprograf";"109994";"0";"13750";"16900";"0";"1";"146";NULL;"3";"98"
"3623";"advil gripa max x 40";"100000";"0";"70000";"88000";"0";"0";"111";NULL;"3";"63"
"3624";"advil gripa max x10";"99980";"0";"17500";"22000";"0";"0";"111";NULL;"3";"63"
"3625";"COLOMBINA MENTA *100";"17";"0";"7300";"9078";"0";"1";"3";NULL;"2";"7"
"3626";"COLOMBINA DULCE ANISADO*100";"51";"-2";"5800";"7344";"0";"1";"3";NULL;"2";"7"
"3627";"COLOMBINA MORITAS*100";"64";"0";"5800";"7344";"0";"1";"3";NULL;"2";"7"
"3628";"COLOMB OFERT MENTA HEL*100+ANISADO*100+MORITA*100";"59";"-1";"18800";"23205";"0";"1";"3";NULL;"2";"7"
"3629";"HARINA DE TRIGO NIEVE*500*6";"216";"-14";"7488";"9792";"0";"1";"7";NULL;"2";"25"
"3630";"PACA HARINA DE TRIGO NIEVE*500*25";"14";"-2";"33000";"40290";"0";"1";"7";NULL;"2";"25"
"3631";"AREPA AREPA*500*6";"595";"-9";"8199";"10098";"0";"1";"7";NULL;"2";"25"
"3632";"PACA AREPA AREPA*500*24";"41";"0";"32800";"40392";"0";"1";"7";NULL;"2";"25"
"3633";"SAZONAREY CHAPETA*55G*12";"961";"-2";"13888";"17136";"0";"1";"7";NULL;"2";"100"
"3634";"TOALLA STAYFREE PAGUE 10 LLEV 12";"917";"0";"2800";"3416";"0";"1";"2";NULL;"2";"18"
"3635";"Marcador borrable Pelikan azul";"99982";"0";"1550";"2000";"0";"1";"146";NULL;"3";"98"
"3636";"Marcador borrable Pelikan rojo";"99973";"0";"1550";"2000";"0";"1";"146";NULL;"3";"98"
"3637";"Marcador borrable Pelikan negro";"99928";"0";"1550";"2000";"0";"1";"146";NULL;"3";"98"
"3638";"Marcador borrable Pelikan verde";"99986";"0";"1550";"2000";"0";"1";"146";NULL;"3";"98"
"3639";"BOMBA F.D MAMA PQT*100";"97";"0";"12500";"18375";"0";"1";"145";NULL;"2";"2"
"3640";"BANDERIN TELA ESTAMPADO*3 MTS";"99";"0";"5200";"7140";"0";"1";"145";NULL;"2";"2"
"3641";"ESCOBA Y PALO SUAVE ECO *3";"81";"-2";"12100";"15096";"0";"1";"1";NULL;"2";"101"
"3642";"ESCOBA Y PALO DURA ECO*3";"68";"0";"12100";"15096";"0";"1";"1";NULL;"2";"101"
"3643";"ESCOBA Y PALO SUAVE PLUS*3";"928";"-4";"15950";"19890";"0";"1";"1";NULL;"2";"101"
"3644";"ESCOBA Y PALO DURA PLUS *3";"75";"-2";"15950";"19890";"0";"1";"1";NULL;"2";"101"
"3645";"TRAPERO Y PALO BLANCO*500*3";"43";"-3";"14300";"18258";"0";"1";"1";NULL;"2";"101"
"3646";"TRAPERO Y PALO COLOR*800*3";"1969";"-10";"15950";"19533";"0";"1";"1";NULL;"2";"101"
"3647";"TRAPERO Y PALO BLANCO *1000*3";"19";"-1";"17875";"21879";"0";"1";"1";NULL;"2";"101"
"3648";"RECOGEDOR ECO *6";"61";"-2";"15400";"18870";"0";"1";"1";NULL;"2";"101"
"3649";"RECOGEDOR PLUS*6";"74";"0";"20900";"25602";"0";"1";"1";NULL;"2";"101"
"3650";"CEPILLO ROPA ECO*6";"84";"0";"8250";"10506";"0";"1";"1";NULL;"2";"101"
"3651";;"0";"0";"0";"0";"0";"1";"0";NULL;"2";"0"
"3652";"PALO METALICO*12 UND";"96";"0";"37800";"46308";"0";"1";"1";NULL;"2";"101"
"3653";"COLOMBINA MENTA SURTIDA*100";"62";"0";"7300";"9078";"0";"1";"3";NULL;"2";"7"
"3654";"CEPILLO ROPA PLUS*6 UND";"83";"0";"13750";"17136";"0";"1";"1";NULL;"2";"25"
"3655";"CAJA VASO TRASP  12 ONZ*40 PAQT";"99";"0";"120500";"144600";"0";"1";"5";NULL;"2";"22"
"3656";"DR LOOK ROLON*6";"41";"-1";"15252";"19380";"0";"0";"3";NULL;"2";"8"
"3657";"Vaselina roja x 12";"9986";"0";"3500";"4500";"0";"1";"111";NULL;"3";"63"
"3658";"aluminio 40m pague 6 lleve 7";"9977";"0";"50400";"60000";"0";"1";"89";NULL;"3";"41"
"3659";"aluminio 16m pague 6 lleve 7";"99929";"0";"21700";"27000";"0";"1";"89";NULL;"3";"41"
"3660";"Cinta de enmascarar 18mmx30mt";"9923";"0";"1900";"2400";"0";"1";"146";NULL;"3";"98"
"3661";"Cinta de enmascarar 24mmx30mt";"99934";"0";"2400";"3000";"0";"1";"146";NULL;"3";"98"
"3662";"Cera ego tarro x60 ml";"99830";"-3";"3170";"3700";"0";"1";"126";NULL;"3";"78"
"3663";"Aromatel x 400ml gratis";"99926";"0";"2000";"0";"0";"1";"126";NULL;"3";"78"
"3664";"Guantes nitrilo HD negro talla l";"99982";"0";"32000";"38000";"0";"1";"134";NULL;"3";"85"
"3665";"trident x60 extrafuerte CJX40";"99986";"0";"12327";"14900";"0";"1";"82";NULL;"3";"34"
"3666";"aparato honker mosquito";"99878";"0";"4000";"5000";"0";"1";"111";NULL;"3";"63"
"3667";"escoba super reina";"99979";"0";"7654";"9600";"0";"1";"81";NULL;"3";"33"
"3668";"VELA NUMERO*3UND";"1835";"0";"2100";"2907";"0";"1";"145";NULL;"2";"2"
"3669";"Raidx84 + aparato gratis bombillo 9";"99995";"0";"28000";"37000";"0";"1";"111";NULL;"3";"63"
"3670";"Marcador Pelikan permanente negro";"99907";"-6";"1200";"1500";"0";"1";"146";NULL;"3";"98"
"3671";"Marcador Pelikan permanente azul";"99980";"0";"1200";"1500";"0";"1";"146";NULL;"3";"98"
"3672";"Marcador permanente Pelikan rojo";"99985";"0";"1200";"1500";"0";"1";"146";NULL;"3";"98"
"3673";"Marcador permanente Pelikan verde";"9988";"0";"1200";"1500";"0";"1";"146";NULL;"3";"98"
"3674";"BOMBA CORAZON FD*100";"98";"0";"16000";"22440";"0";"1";"145";NULL;"2";"2"
"3675";"SAVITAL SHAMPOO ROMERO*30ml*20und";"16";"-1";"14000";"17080";"0";"1";"2";NULL;"2";"26"
"3676";"SAVITAL ACONDICIONADOR ROMERO*27ml*20und";"51";"0";"14000";"17080";"0";"1";"2";NULL;"2";"26"
"3677";"AZ *UNIDAD";"98";"0";"5000";"6579";"0";"1";"11";NULL;"2";"11"
"3678";"Bomba de succión power";"999955";"0";"5000";"6250";"0";"1";"81";NULL;"3";"33"
"3679";"PINCEL # 2*12 UND";"95";"0";"5700";"7650";"0";"1";"11";NULL;"2";"11"
"3680";"PINCEL # 3*12 UND";"95";"0";"6200";"8160";"0";"1";"11";NULL;"2";"11"
"3681";"AMOXICILINA*100 CAPSULAS";"44";"0";"28000";"34160";"0";"0";"4";NULL;"2";"15"
"3682";"VICK VAPORUB*12 UND";"92";"0";"55000";"67100";"0";"1";"4";NULL;"2";"15"
"3683";"MAREOL*12 UND";"45";"-1";"8000";"9996";"0";"1";"4";NULL;"2";"15"
"3684";"CAJA COPA AGUARDIENTE*60 PQT";"88";"0";"87600";"112200";"0";"1";"5";NULL;"2";"2"
"3685";"tajalapiz con deposito x 12";"999988";"0";"11400";"14250";"0";"1";"146";NULL;"3";"98"
"3686";"ALCANCIA PEQUEÑA*12";"72";"-1";"7200";"9588";"0";"1";"11";NULL;"2";"11"
"3687";"ALCANCIA GRANDE*12";"77";"-2";"11400";"15198";"0";"1";"11";NULL;"2";"11"
"3688";"ATUN EN ACEITE";"478";"-10";"3700";"4590";"0";"1";"7";NULL;"2";"100"
"3689";"ATUN EN AGUA";"98";"-2";"3400";"4590";"0";"1";"7";NULL;"2";"100"
"3690";"Pegabte Payasito x 40g x 6 uni";"9989";"0";"4980";"6300";"0";"1";"146";NULL;"3";"98"
"3691";"Resaltador pastel x 6 unidades";"999998";"0";"4500";"5700";"0";"1";"146";NULL;"3";"98"
"3692";"Resaltador neon x 6 unidades";"99998";"0";"4500";"5700";"0";"1";"146";NULL;"3";"98"
"3693";"SI PEGA EN BARRA 40G*6 UND";"94";"0";"15600";"19890";"0";"1";"11";NULL;"2";"11"
"3694";"SI PEGA EN BARRA 25G*6 UND";"984";"0";"10800";"13770";"0";"1";"11";NULL;"2";"11"
"3695";"Vaso cartón 7 onzas caja x 20 unidades";"99989";"0";"63000";"76000";"0";"1";"127";NULL;"3";"79"
"3696";"Vaso cartón 6 onzas caja x 20 unidades";"9974";"-2";"63000";"76000";"0";"1";"127";NULL;"3";"79"
"3697";"Vaso cartón 5 onzas caja x 40";"9991";"0";"110000";"136000";"0";"1";"127";NULL;"3";"79"
"3698";"BIANCHI CREMA DE MANI *100";"52";"-2";"10756";"13974";"0";"1";"3";NULL;"2";"24"
"3699";"JERINGA BEGUT*10ML*100";"92";"0";"33000";"40392";"0";"1";"4";NULL;"2";"14"
"3700";"CHICLE BARRA HOT*15UND";"30";"-1";"9770";"12444";"0";"1";"3";NULL;"2";"8"
"3701";"SUPER HIPER HOT BOLA*70";"23";"0";"7183";"9180";"0";"1";"3";NULL;"2";"8"
"3702";"NUTRIBELA CREMA PEINAR *12";"57";"-6";"9800";"12036";"0";"1";"2";NULL;"2";"9"
"3703";"BIG BOM COLA *48UND";"72";"0";"16300";"19992";"0";"1";"3";NULL;"2";"7"
"3704";"TELARAÑA 1.5m *UND";"98";"0";"4000";"5508";"0";"1";"145";NULL;"2";"96"
"3705";"GIRNALDA FD MAMA*UND";"98";"0";"2700";"3645";"0";"1";"145";NULL;"2";"96"
"3706";"CARTULINA FLUORESCENTE PAQ *10";"97";"0";"2000";"3060";"0";"1";"11";NULL;"2";"11"
"3707";"CARTULINA 1/2 PLIEGO *25 SURT";"82";"0";"13000";"16116";"0";"1";"11";NULL;"2";"11"
"3708";"CAJA VASO 5 ONZ BIODEGRADABLE COLOR*20UND";"57";"-1";"62000";"77010";"0";"1";"5";NULL;"2";"22"
"3709";"VASO 7 Onz MIX TRANSPARENTE*50UND";"638";"0";"1575";"1989";"0";"1";"5";NULL;"2";"2"
"3710";"CAJA VASO 7 ONZ MIX TRANSPARENTE*40PQS";"98";"0";"63000";"77520";"0";"1";"5";NULL;"2";"2"
"3711";"OFERT VASO 7 ECON 12+ 1 UND";"853";"-5";"18200";"22620";"0";"1";"5";NULL;"2";"2"
"3712";"CURVA GLOBO NUMERO 16&quot; 0 AL 9";"91";"0";"6000";"8670";"0";"1";"145";NULL;"2";"2"
"3713";"VANISH POLVO BLANCO *12UND";"88";"0";"15000";"18870";"0";"1";"1";NULL;"2";"25"
"3714";"NOXPIRIN DIA*12 UND";"85";"0";"24000";"29280";"0";"1";"4";NULL;"2";"15"
"3715";"BUSCAPINA FEM*90 UND";"0";"0";"100000";"122400";"0";"1";"4";NULL;"2";"9"
"3716";"DISFRAZ PIRATA NIÑA";"99";"0";"10000";"14280";"0";"1";"145";NULL;"2";"2"
"3717";"ORBIZ GRANDE UND";"96";"0";"1600";"2244";"0";"1";"145";NULL;"2";"2"
"3718";"Savital sh elixir de romero";"99908";"0";"14000";"20200";"0";"1";"126";NULL;"3";"78"
"3719";"Chiche super hiper hot";"99988";"0";"11309";"14200";"0";"1";"92";NULL;"3";"44"
"3720";"Cintas tarro frambuesa x96";"99992";"0";"14172";"17900";"0";"1";"92";NULL;"3";"44"
"3721";"Huevo frito, salchicha disx12";"9908";"0";"12500";"15000";"0";"1";"92";NULL;"3";"44"
"3722";"CORONA PEQ GLOBO *UND";"82";"0";"800";"1122";"0";"1";"145";NULL;"2";"2"
"3723";"CORONA GRANDE GLOBO *UND";"96";"0";"1600";"2193";"0";"1";"145";NULL;"2";"2"
"3724";"BOLSA HOLOGRAMADA XL*12 UND";"93";"0";"24400";"33558";"0";"1";"145";NULL;"2";"2"
"3725";"BOUQUET CORONA HBD*3";"98";"0";"12600";"17340";"0";"1";"145";NULL;"2";"2"
"3726";"TEMPERA PEQ BANDEJA*12*COLOR";"17";"-2";"6000";"7344";"0";"1";"11";NULL;"2";"11"
"3727";"VINILO CAJA*6 80GR*SURT";"970";"0";"6000";"7344";"0";"1";"11";NULL;"2";"11"
"3728";"GASTROFAST *6UND";"97";"0";"13000";"15912";"0";"1";"4";NULL;"2";"18"
"3729";"ESPONJILLA BOMBRIL*16 UND";"902";"-5";"5040";"6222";"0";"1";"1";NULL;"2";"25"
"3730";"ADVIL GRIPA MAX*6 UND";"47";"0";"13500";"16524";"0";"1";"4";NULL;"2";"9"
"3731";"KIT PLUS ASEO";"68";"-1";"13800";"17136";"0";"1";"1";NULL;"2";"101"
"3732";"KIT ECON ASEO";"91";"0";"11800";"14484";"0";"1";"1";NULL;"2";"101"
"3733";"ALGODON*15 GR";"30";"0";"1200";"1530";"0";"1";"4";NULL;"2";"14"
"3734";"ALGODON*25 GR";"75";"0";"1600";"2040";"0";"1";"4";NULL;"2";"14"
"3735";"ALGODON*50 GR";"97";"0";"2000";"2448";"0";"1";"4";NULL;"2";"14"
"3736";"ADVIL GRIPA MAX*20UND";"98";"0";"35000";"42840";"0";"0";"4";NULL;"2";"25"
"3737";"ESPIRAL AÑO NUEVO*3";"98";"0";"13500";"18564";"0";"1";"145";NULL;"2";"2"
"3738";"TRAPERO Y PALO COLOR *1000*3";"71";"0";"17000";"21930";"0";"1";"1";NULL;"2";"101"
"3739";"CONTENEDOR 16 ONZ TAPA ESPUMADA*20";"29";"-11";"17300";"21106";"0";"0";"5";NULL;"2";"2"
"3740";"BOLSA ALUMINIO #L17";"76";"0";"1400";"1938";"0";"1";"5";NULL;"2";"2"
"3741";"TARJETA NAVIDEÑA*81 UND";"99";"0";"2500";"3468";"0";"1";"145";NULL;"2";"2"
"3742";"VELA NUMERO CURVA 0 AL 9";"96";"0";"7000";"9450";"0";"1";"145";NULL;"2";"2"
"3743";"BOLSA MEDIANA MAMA*12 UND";"99";"0";"26800";"36180";"0";"1";"145";NULL;"2";"2"
"3744";"COPA PARA SALSAS 1/2 *100";"95";"0";"3700";"4539";"0";"1";"5";NULL;"2";"2"
"3745";"TAPA COPA PARA SALSAS 1/2*100";"93";"0";"3350";"4131";"0";"1";"5";NULL;"2";"2"
"3746";"PAPEL REGALO PLIEGO*100";"84";"-1";"31000";"38250";"0";"1";"11";NULL;"2";"2"
"3747";"CARPETA 4 ALETAS BLANCO OFICIO UND";"979";"0";"1800";"2244";"0";"1";"11";NULL;"2";"12"
"3748";"CARPETA 4 ALETAS CAFE OFICIO UND";"92";"0";"1300";"1632";"0";"1";"11";NULL;"2";"11"
"3749";"Huevos fritos disx12";"99968";"0";"11500";"15000";"0";"1";"92";NULL;"3";"44"
"3750";"cartulina  pt x100 blanca";"99995";"-1";"11800";"14800";"0";"1";"146";NULL;"3";"98"
"3751";"BIANCHI BARRA XL SURT*18UND";"65";"0";"19580";"23970";"0";"1";"3";NULL;"2";"24"
"3752";"cartulina  pt x 50 negra";"999997";"0";"11800";"14800";"0";"1";"146";NULL;"3";"98"
"3753";"COLOR REY*500 GR";"61";"-2";"10200";"12546";"0";"1";"7";NULL;"2";"100"
"3754";"maizena fresa x 18";"99992";"0";"24000";"30200";"0";"1";"126";NULL;"3";"78"
"3755";"maizena arequipe x 18";"99987";"0";"24000";"30200";"0";"1";"126";NULL;"3";"78"
"3756";"Maizena vainilla x 18";"99984";"0";"24000";"30200";"0";"1";"126";NULL;"3";"78"
"3757";"CHOCO POSTRES SURT*12";"987";"0";"24100";"30396";"0";"1";"3";NULL;"2";"24"
"3758";"SAL DE FRUTAS PLUS *20 UND";"906";"-4";"15000";"43860";"0";"1";"4";NULL;"2";"9"
"3759";"PAPEL PARAFINADO 30X30CM *100UND";"97";"-1";"8500";"11322";"0";"1";"5";NULL;"2";"2"
"3760";"PEGANTE BARRA 15GR *6";"989";"0";"9000";"11628";"0";"1";"11";NULL;"2";"11"
"3761";"VANISH  POLVO COLOR *12 UND";"86";"0";"15000";"18870";"0";"1";"1";NULL;"2";"26"
"3762";;"0";"0";"0";"0";"0";"1";"0";NULL;"2";"0"
"3763";"BORRADOR GRANDE MIGA DE PAN*20UND";"96";"0";"23000";"28356";"0";"1";"11";NULL;"2";"11"
"3764";"KOTEX NOCTURNA*10UND";"948";"0";"6000";"7344";"0";"1";"2";NULL;"2";"13"
"3765";"SUAVITEL CHOCOLATE *430 ml*24";"41";"0";"2792";"3417";"0";"1";"1";NULL;"2";"100"
"3766";"SUAVITEL FRESCA PRIMAVERA *430ml*24und";"1915";"0";"2792";"3417";"0";"1";"1";NULL;"2";"100"
"3767";"COMINO REY*20*25";"964";"0";"11700";"14382";"0";"1";"7";NULL;"2";"100"
"3768";"SUAVITEL VAINILLA*430ml*24und";"976";"0";"2972";"3417";"0";"1";"1";NULL;"2";"100"
"3769";"NOXPIRIN NOCHE*12 UND";"952";"0";"22000";"26928";"0";"1";"4";NULL;"2";"18"
"3770";"Corrector lápiz 8 ML x 6 unidades";"999987";"0";"4200";"6000";"0";"1";"146";NULL;"3";"98"
"3771";"PALO ESCOBA *12 UND";"99";"0";"22000";"26840";"0";"1";"1";NULL;"2";"101"
"3772";"ORO PLATA PAGUE 12 LLEVE 13";"957";"-3";"6200";"8058";"0";"0";"1";NULL;"2";"9"
"3773";"OFER PANTENE 1 RES+1 KERA+1 COLA*36UND";"85";"-2";"26802";"33000";"0";"1";"2";NULL;"2";"20"
"3774";"BLOCK IRIS OFICIO*35";"81";"0";"2800";"3416";"0";"1";"11";NULL;"2";"11"
"3775";"TRAPERO Y PALO BLANCO*800*3";"973";"0";"15950";"19533";"0";"1";"1";NULL;"2";"101"
"3776";"APRONAX *8 UND";"988";"0";"11237";"13709";"0";"1";"4";NULL;"2";"18"
"3777";"AGOGO ATOMO SURTIDO*60UND";"88";"0";"7183";"9180";"0";"1";"3";NULL;"2";"8"
"3778";"IBUFLASH MIGRAN*12UND";"75";"0";"21000";"25800";"0";"1";"4";NULL;"2";"18"
"3779";"MEZCLADOR ECOLOGICO REDONDO *14CM";"82";"0";"4100";"5000";"0";"1";"5";NULL;"2";"2"
"3780";"ESTUCHE CANDADO ECO 3TAMAÑ *12";"98";"0";"20800";"25400";"0";"1";"7";NULL;"2";"14"
"3781";"ESTUCHE CANDADO CASTOR 3TAMAÑ *12";"0";"0";"28700";"35100";"0";"1";"7";NULL;"2";"14"
"3782";"CAJA SERVILLETA FAMILIA*42UND";"99";"0";"96600";"113400";"0";"1";"5";NULL;"2";"2"
"3783";"SIPEGA LIQUIDO *250GR *6UND";"0";"0";"19000";"23180";"0";"1";"11";NULL;"2";"11"
"3784";"ASPIRINETA*28 UND";"92";"0";"13094";"15974";"0";"1";"4";NULL;"2";"18"
"3785";"Goma jugoso shiflis x320g";"999832";"0";"11500";"14400";"0";"1";"92";NULL;"3";"44"
"3786";"TARRINA PLASTICA CHIC 16 ONZ*25 UND";"988";"0";"14500";"17690";"0";"1";"5";NULL;"2";"2"
"3787";"TARRINA PLASTICA CHIC 24 ONZ*25UND";"975";"0";"17700";"21594";"0";"1";"5";NULL;"2";"2"
"3788";"VELON # 3 BLANCO*12 UND";"94";"0";"15100";"19050";"0";"1";"147";NULL;"2";"17"
"3789";"VELON # 1 BLANCO*12 UND";"95";"0";"9800";"12350";"0";"1";"147";NULL;"2";"17"
"3790";"VELON # 1 SURTIDO*12 UND";"92";"0";"9800";"12350";"0";"1";"147";NULL;"2";"17"
"3791";"VELON # 2 BLANCO*12 UND";"89";"0";"11700";"14750";"0";"1";"147";NULL;"2";"17"
"3792";"VELON # 2 SURTIDO*12 UND";"92";"0";"11700";"14750";"0";"1";"147";NULL;"2";"17"
"3793";"VELON # 3 SURTIDO*12 UND";"95";"0";"15100";"19050";"0";"1";"147";NULL;"2";"17"
"3794";"VELON # 4 BLANCO*12 UND";"93";"0";"17300";"21800";"0";"1";"147";NULL;"2";"17"
"3795";"VELON # 4 SURTIDO*12 UND";"96";"0";"17300";"21800";"0";"1";"147";NULL;"2";"17"
"3796";"VELON # 5 BLANCO*12 UND";"96";"0";"21800";"27450";"0";"1";"147";NULL;"2";"17"
"3797";"VELON # 5 SURTIDO*12 UND";"96";"0";"21800";"27450";"0";"1";"147";NULL;"2";"17"
"3798";"VELON # 6 SURTIDO*12 UND";"99";"0";"32200";"40600";"0";"1";"147";NULL;"2";"17"
"3799";"VELON # 6 BLANCO*12 UND";"98";"0";"32200";"40600";"0";"1";"147";NULL;"2";"17"
"3800";"AMOXICILINA GENFAR*50 UND";"73";"0";"16800";"20496";"0";"1";"4";NULL;"2";"9"
"3801";"CHUPETA HYPER HOT*24+2UND GTS";"967";"0";"6805";"8506";"0";"1";"3";NULL;"2";"8"
"3802";"salsa de tomate fruko x 500g";"99984";"0";"9500";"11400";"0";"1";"126";NULL;"3";"78"
"3803";"salsa de mayonesa fruko x 400g";"99984";"0";"9000";"10800";"0";"1";"126";NULL;"3";"78"
"3804";"JABON 3D KILO*UND";"935";"0";"5794";"7068";"0";"1";"1";NULL;"2";"26"
"3805";"ACEITE VIVA SOYA*5000";"0";"0";"34625";"41800";"0";"1";"9";NULL;"2";"16"
"3806";"GEL EGO MORADA 25ML*15 UND";"93";"0";"12000";"15260";"0";"1";"2";NULL;"2";"9"
